,ID,player
0,abdulma02,Mahmoud Abdul-Rauf
1,abdulta01,Tariq Abdul-Wahad
2,abdursh01,Shareef Abdur-Rahim
3,alexaco01,Cory Alexander
4,alexaco02,Courtney Alexander
5,allenra02,Ray Allen*
6,alstora01,Rafer Alston
7,amaecjo01,John Amaechi
8,anderde01,Derek Anderson
9,anderke01,Kenny Anderson
10,anderni01,Nick Anderson
11,andersh01,Shandon Anderson
12,anthogr01,Greg Anthony
13,armstda01,Darrell Armstrong
14,atkinch01,Chucky Atkins
15,augmost01,Stacey Augmon
16,austiis01,Isaac Austin
17,averywi01,William Avery
18,bagarda01,Dalibor Bagarić
19,bakervi01,Vin Baker
20,barkler01,Erick Barkley
21,barroda01,Dana Barros
22,barrybr01,Brent Barry
23,barryjo01,Jon Barry
24,battito01,Tony Battie
25,bellra01,Raja Bell
26,bendejo01,Jonathan Bender
27,benjaco01,Corey Benjamin
28,benoida01,David Benoit
29,besttr01,Travis Best
30,bibbymi01,Mike Bibby
31,billuch01,Chauncey Billups
32,blaylmo01,Mookie Blaylock
33,blounco01,Corie Blount
34,blounma01,Mark Blount
35,boguemu01,Muggsy Bogues
36,bohanet01,Etdrick Bohannon
37,boothca01,Calvin Booth
38,bowdlca01,Cal Bowdler
39,bowenbr01,Bruce Bowen
40,bowenry01,Ryan Bowen
41,bowmair01,Ira Bowman
42,boykiea01,Earl Boykins
43,bradlsh01,Shawn Bradley
44,brandel01,Elton Brand
45,brandte01,Terrell Brandon
46,brownch01,Chucky Brown
47,brownde01,Dee Brown
48,brownpj01,P.J. Brown
49,brownra02,Randy Brown
50,brunsri01,Rick Brunson
51,bryanko01,Kobe Bryant*
52,bryanma01,Mark Bryant
53,buckngr01,Greg Buckner
54,buechju01,Jud Buechler
55,buforro01,Rodney Buford
56,bullama01,Matt Bullard
57,burresc01,Scott Burrell
58,caffeja01,Jason Caffey
59,cambyma01,Marcus Camby
60,campbel01,Elden Campbell
61,cardibr01,Brian Cardinal
62,carrch01,Chris Carr
63,cartean01,Anthony Carter
64,cartevi01,Vince Carter
65,cassesa01,Sam Cassell
66,catoke01,Kelvin Cato
67,causwdu01,Duane Causwell
68,cebalce01,Cedric Ceballos
69,cheanca01,Calbert Cheaney
70,childch01,Chris Childs
71,chrisdo01,Doug Christie
72,clarkke01,Keon Clark
73,cleavma01,Mateen Cleaves
74,cokerjo01,John Coker
75,colemde01,Derrick Coleman
76,colesbi01,Bimbo Coles
77,collija02,Jason Collier
78,colsose01,Sean Colson
79,corbity01,Tyrone Corbin
80,crawfch01,Chris Crawford
81,crawfja01,Jamal Crawford
82,croshau01,Austin Croshere
83,crottjo01,John Crotty
84,cummivo01,Vonteego Cummings
85,curlebi01,Bill Curley
86,curryde01,Dell Curry
87,currymi01,Michael Curry
88,dampier01,Erick Dampier
89,daniean01,Antonio Daniels
90,davidko01,Kornél Dávid
91,davisan01,Antonio Davis
92,davisba01,Baron Davis
93,davisda01,Dale Davis
94,davisem01,Emanual Davis
95,davishu01,Hubert Davis
96,davisri01,Ricky Davis
97,daviste01,Terry Davis
98,dayto01,Todd Day
99,declean01,Andrew DeClercq
100,delnevi01,Vinny Del Negro
101,delkto01,Tony Delk
102,dialde01,Derrick Dial
103,dickemi01,Michael Dickerson
104,divacvl01,Vlade Divac*
105,doleami01,Michael Doleac
106,doolike01,Keyon Dooling
107,douglsh01,Sherman Douglas
108,drewbr01,Bryce Drew
109,dudlech02,Chris Dudley
110,duncati01,Tim Duncan*
111,edneyty01,Tyus Edney
112,edwarke01,Kevin Edwards
113,eisleho01,Howard Eisley
114,ekeziob01,Obinna Ekezie
115,elamikh01,Khalid El-Amin
116,eliema01,Mario Elie
117,elliose01,Sean Elliott
118,ellisla01,LaPhonso Ellis
119,ellispe01,Pervis Ellison
120,eschmev01,Evan Eschmeyer
121,ewingpa01,Patrick Ewing*
122,feickja01,Jamie Feick
123,ferryda01,Danny Ferry
124,finlemi01,Michael Finley
125,fishede01,Derek Fisher
126,fizerma01,Marcus Fizer
127,fortsda01,Danny Fortson
128,fostegr01,Greg Foster
129,fosteje01,Jeff Foster
130,foxri01,Rick Fox
131,foylead01,Adonal Foyle
132,francst01,Steve Francis
133,fulleto02,Todd Fuller
134,fundela01,Lawrence Funderburke
135,garceru01,Rubén Garcés
136,garnech01,Chris Garner
137,garneke01,Kevin Garnett*
138,garrede01,Dean Garrett
139,garripa01,Pat Garrity
140,gatlich01,Chris Gatling
141,geigema01,Matt Geiger
142,georgde01,Devean George
143,gilled01,Eddie Gill
144,gillke01,Kendall Gill
145,glovedi01,Dion Glover
146,goldwan01,Anthony Goldwire
147,goodrst01,Steve Goodrich
148,grantbr01,Brian Grant
149,grantga01,Gary Grant
150,grantho01,Horace Grant
151,greenac01,A.C. Green
152,griffad01,Adrian Griffin
153,guglito01,Tom Gugliotta
154,guytoaj01,A.J. Guyton
155,hamda01,Darvin Ham
156,hamilri01,Richard Hamilton
157,hamilze01,Zendon Hamilton
158,hammoto01,Tom Hammonds
159,hardaan01,Anfernee Hardaway
160,hardati01,Tim Hardaway*
161,harpero01,Ron Harper
162,harprma01,Matt Harpring
163,harrial01,Al Harrington
164,harriot01,Othella Harrington
165,harrilu01,Lucious Harris
166,hartja01,Jason Hart
167,harvean01,Antonio Harvey
168,harvedo01,Donnell Harvey
169,hawkihe01,Hersey Hawkins
170,hawkimi01,Michael Hawkins
171,hendeal01,Alan Henderson
172,hendece02,Cedric Henderson
173,herrech01,Chris Herren
174,hillgr01,Grant Hill*
175,hillty01,Tyrone Hill
176,hoibefr01,Fred Hoiberg
177,horryro01,Robert Horry
178,houseed01,Eddie House
179,houstal01,Allan Houston
180,howarju01,Juwan Howard
181,hudsotr01,Troy Hudson
182,hughela01,Larry Hughes
183,hunteli01,Lindsey Hunter
184,ilgauzy01,Zydrunas Ilgauskas
185,iversal01,Allen Iverson*
186,jacksbo01,Bobby Jackson
187,jacksja01,Jaren Jackson
188,jacksji01,Jim Jackson
189,jacksma02,Marc Jackson
190,jacksma01,Mark Jackson
191,jacksst02,Stephen Jackson
192,jacobsa01,Sam Jacobson
193,jamesti01,Tim James
194,jamisan01,Antawn Jamison
195,johnsan02,Anthony Johnson
196,johnsav01,Avery Johnson
197,johnsde03,DerMarr Johnson
198,johnser02,Ervin Johnson
199,johnsla02,Larry Johnson
200,jonesda01,Damon Jones
201,jonesed02,Eddie Jones
202,jonesju01,Jumaine Jones
203,jonespo01,Popeye Jones
204,josepga01,Garth Joseph
205,keefead01,Adam Keefe
206,kempsh01,Shawn Kemp
207,kerrst01,Steve Kerr
208,kerseje01,Jerome Kersey
209,ketnela01,Lari Ketner
210,kiddja01,Jason Kidd*
211,kingge02,Gerard King
212,knighbr01,Brevin Knight
213,knightr01,Travis Knight
214,kukocto01,Toni Kukoč*
215,laettch01,Christian Laettner
216,lafrera01,Raef LaFrentz
217,langdtr01,Trajan Langdon
218,langhda01,Dan Langhi
219,lenarvo01,Voshon Lenard
220,lewisqu01,Quincy Lewis
221,lewisra02,Rashard Lewis
222,livinra01,Randy Livingston
223,longar01,Art Long
224,longgr01,Grant Long
225,longllu01,Luc Longley
226,lopezfe01,Felipe López
227,luety01,Tyronn Lue
228,lynchge01,George Lynch
229,maccuto01,Todd MacCulloch
230,macledo01,Don MacLean
231,madsema01,Mark Madsen
232,maggeco01,Corey Maggette
233,magloja01,Jamaal Magloire
234,majerda01,Dan Majerle
235,malonka01,Karl Malone*
236,malonma01,Matt Maloney
237,mannida01,Danny Manning
238,marbust01,Stephon Marbury
239,mariosh01,Shawn Marion
240,marshdo01,Donyell Marshall
241,martida01,Darrick Martin
242,martike01,Kenyon Martin
243,mashbja01,Jamal Mashburn
244,masonan01,Anthony Mason
245,masonde01,Desmond Mason
246,masseto01,Tony Massenburg
247,maxweve01,Vernon Maxwell
248,mccarwa01,Walter McCarty
249,mcclida01,Dan McClintock
250,mccloge01,George McCloud
251,mccoyje01,Jelani McCoy
252,mcdyean01,Antonio McDyess
253,mcgratr01,Tracy McGrady*
254,mcilvji01,Jim McIlvaine
255,mcinnje01,Jeff McInnis
256,mckeyde01,Derrick McKey
257,mckieaa01,Aaron McKie
258,mcleoro01,Roshown McLeod
259,mcphepa01,Paul McPherson
260,medvest01,Stanislav Medvedenko
261,mercero01,Ron Mercer
262,mihmch01,Chris Mihm
263,milesda01,Darius Miles
264,millean02,Andre Miller
265,millean01,Anthony Miller
266,millebr01,Brad Miller
267,millemi01,Mike Miller
268,millere01,Reggie Miller*
269,millsch01,Chris Mills
270,millste01,Terry Mills
271,mitchsa01,Sam Mitchell
272,moblecu01,Cuttino Mobley
273,mohamna01,Nazr Mohammed
274,moisoje01,Jérôme Moïso
275,montrer01,Eric Montross
276,mooremi01,Mikki Moore
277,mottoha01,Hanno Möttölä
278,mournal01,Alonzo Mourning*
279,mullich01,Chris Mullin*
280,murrala01,Lamond Murray
281,murratr01,Tracy Murray
282,mutomdi01,Dikembe Mutombo*
283,ndiayma02,Mamadou N'Diaye
284,nailole01,Lee Nailon
285,najered01,Eduardo Nájera
286,nashst01,Steve Nash*
287,nesbyty01,Tyrone Nesby
288,nestera01,Rasho Nesterović
289,newblir01,Ira Newble
290,newmajo01,Johnny Newman
291,norrimo01,Moochie Norris
292,nowitdi01,Dirk Nowitzki
293,onealje01,Jermaine O'Neal
294,onealsh01,Shaquille O'Neal*
295,oaklech01,Charles Oakley
296,odomla01,Lamar Odom
297,olajuha01,Hakeem Olajuwon*
298,ollieke01,Kevin Ollie
299,olowomi01,Michael Olowokandi
300,ostergr01,Greg Ostertag
301,outlabo01,Bo Outlaw
302,overtdo01,Doug Overton
303,owensbi01,Billy Owens
304,oyedeol01,Olumide Oyedeji
305,packro01,Robert Pack
306,padgesc01,Scott Padgett
307,palacmi01,Milt Palacio
308,pankoan01,Andy Panko
309,parksch02,Cherokee Parks
310,patteru01,Ruben Patterson
311,paytoga01,Gary Payton*
312,peelean01,Anthony Peeler
313,penbemi01,Mike Penberthy
314,perduwi01,Will Perdue
315,perkisa01,Sam Perkins
316,perryel01,Elliot Perry
317,persowe01,Wesley Person
318,petermo01,Morris Peterson
319,piatker01,Eric Piatkowski
320,piercpa01,Paul Pierce*
321,pippesc01,Scottie Pippen*
322,pollasc01,Scot Pollard
323,polynol01,Olden Polynice
324,popema01,Mark Pope
325,portech01,Chris Porter
326,portete01,Terry Porter
327,poseyja01,James Posey
328,postela01,Lavor Postell
329,potapvi01,Vitaly Potapenko
330,pricebr01,Brent Price
331,profila01,Laron Profit
332,przybjo01,Joel Przybilla
333,ratlith01,Theo Ratliff
334,recasel01,Eldridge Recasner
335,reddmi01,Michael Redd
336,reevebr01,Bryant Reeves
337,reiddo01,Don Reid
338,reidjr01,J.R. Reid
339,ricegl01,Glen Rice
340,richaqu01,Quentin Richardson
341,richmmi01,Mitch Richmond*
342,rideris01,Isaiah Rider
343,roberte01,Terrance Roberson
344,robincl02,Clifford Robinson
345,robinda01,David Robinson*
346,robined01,Eddie Robinson
347,robingl01,Glenn Robinson
348,robinja03,Jamal Robinson
349,robinja02,James Robinson
350,robinla01,Larry Robinson
351,rogerca01,Carlos Rogers
352,rogerro01,Rodney Rogers
353,rooksse01,Sean Rooks
354,roseja01,Jalen Rose
355,rosema01,Malik Rose
356,ruffimi01,Michael Ruffin
357,russebr01,Bryon Russell
358,sabonar01,Arvydas Sabonis*
359,samakso01,Soumaila Samake
360,sanchpe01,Pepe Sánchez
361,santida01,Daniel Santiago
362,schrede01,Detlef Schrempf
363,scottsh01,Shawnelle Scott
364,shawbr01,Brian Shaw
365,skinnbr01,Brian Skinner
366,slatere01,Reggie Slater
367,smithja01,Jabari Smith
368,smithjo02,Joe Smith
369,smithmi02,Michael Smith
370,smithmi03,Mike Smith
371,smithst01,Steve Smith
372,smithto02,Tony Smith
373,snower01,Eric Snow
374,spencfe01,Felton Spencer
375,sprewla01,Latrell Sprewell
376,stackje01,Jerry Stackhouse
377,starkjo01,John Starks
378,stepavl01,Vladimir Stepania
379,stevede01,DeShawn Stevenson
380,stewami01,Michael Stewart
381,stithbr01,Bryant Stith
382,stockjo01,John Stockton*
383,stojape01,Peja Stojaković
384,stoudda01,Damon Stoudamire
385,stricer01,Erick Strickland
386,stricma01,Mark Strickland
387,stricro02,Rod Strickland
388,stronde01,Derek Strong
389,sundobr01,Bruno Šundov
390,surabo01,Bob Sura
391,swiftst01,Stromile Swift
392,szczewa02,Wally Szczerbiak
393,tabakza01,Žan Tabak
394,tarladr01,Dragan Tarlać
395,tayloma01,Maurice Taylor
396,terryja01,Jason Terry
397,thomaja01,Jamel Thomas
398,thomake01,Kenny Thomas
399,thomaku01,Kurt Thomas
400,thomati01,Tim Thomas
401,thorpot01,Otis Thorpe
402,traylro01,Robert Traylor
403,trentga01,Gary Trent
404,tsakaja01,Jake Tsakalidis
405,turkohe01,Hedo Türkoğlu
406,vanexni01,Nick Van Exel
407,vanhoke01,Keith Van Horn
408,vanteda01,David Vanterpool
409,vaughja01,Jacque Vaughn
410,vaughlo01,Loy Vaught
411,voskuja01,Jake Voskuhl
412,walkean02,Antoine Walker
413,walkesa01,Samaki Walker
414,wallabe01,Ben Wallace*
415,wallajo01,John Wallace
416,wallara01,Rasheed Wallace
417,wardch01,Charlie Ward
418,weathcl01,Clarence Weatherspoon
419,webbech01,Chris Webber*
420,wellsbo01,Bonzi Wells
421,wesleda01,David Wesley
422,westdo01,Doug West
423,whiteja01,Jahidi White
424,whitnch01,Chris Whitney
425,williaa01,Aaron Williams
426,willial02,Alvin Williams
427,willier01,Eric Williams
428,willija02,Jason Williams
429,willije01,Jerome Williams
430,willimo01,Monty Williams
431,willisc01,Scott Williams
432,willish01,Shammond Williams
433,williwa02,Walt Williams
434,willico02,Corliss Williamson
435,willike02,Kevin Willis
436,wingada01,David Wingate
437,wolkoru01,Rubén Wolkowyski
438,artesro01,Metta World Peace
439,wrighlo02,Lorenzen Wright
440,zhizhwa01,Wang Zhizhi
441,alexavi01,Victor Alexander
442,allenma01,Malik Allen
443,anderch01,Chris Andersen
444,arenagi01,Gilbert Arenas
445,armstbr01,Brandon Armstrong
446,arroyca01,Carlos Arroyo
447,bateeme01,Mengke Bateer
448,battish01,Shane Battier
449,bellch01,Charlie Bell
450,boumtru01,Ruben Boumtje-Boumtje
451,bradlmi01,Michael Bradley
452,breweja01,Jamison Brewer
453,brezepr01,Primož Brezec
454,brownda02,Damone Brown
455,browner01,Ernest Brown
456,brownke01,Kedrick Brown
457,brownkw01,Kwame Brown
458,brownti01,Tierre Brown
459,butlemi02,Mitchell Butler
460,chandty01,Tyson Chandler
461,claxtsp01,Speedy Claxton
462,collija03,Jarron Collins
463,collija04,Jason Collins
464,crispjo01,Joe Crispin
465,curryed01,Eddy Curry
466,dalemsa01,Samuel Dalembert
467,diopde01,DeSagana Diop
468,drobnpr01,Predrag Drobnjak
469,evansma01,Maurice Evans
470,fontais01,Isaac Fontaine
471,fordal02,Alton Ford
472,fortejo01,Joseph Forte
473,fotsian01,Antonis Fotsis
474,fowlktr01,Tremaine Fowlkes
475,gasolpa01,Pau Gasol
476,griffed01,Eddie Griffin
477,hamilta01,Tang Hamilton
478,hassetr01,Trenton Hassell
479,hastoki01,Kirk Haston
480,haywobr01,Brendan Haywood
481,huntest01,Steven Hunter
482,jacksje01,Jermaine Jackson
483,jamesje01,Jerome James
484,jamesmi01,Mike James
485,jamisha01,Harold Jamison
486,jefferi01,Richard Jefferson
487,johnsjo02,Joe Johnson
488,jonesal01,Alvin Jones
489,jordami01,Michael Jordan*
490,kirilan01,Andrei Kirilenko
491,kittlke01,Kerry Kittles
492,larueru01,Rusty LaRue
493,macksa01,Sam Mack
494,marksse01,Sean Marks
495,marshdo02,Donny Marshall
496,mccasam01,Amal McCaskill
497,morrite01,Terence Morris
498,murphtr01,Troy Murphy
499,olivede01,Dean Oliver
500,parketo01,Tony Parker
501,radmavl01,Vladimir Radmanović
502,randoza01,Zach Randolph
503,rebraze01,Željko Rebrača
504,richaja01,Jason Richardson
505,richano01,Norm Richardson
506,sasseje01,Jeryl Sasser
507,satteke01,Kenny Satterfield
508,scalabr01,Brian Scalabrine
509,sesayan01,Ansu Sesay
510,simmobo01,Bobby Simmons
511,simpkdi01,Dickey Simpkins
512,smithch04,Charles Smith
513,smithle01,Leon Smith
514,solomwi01,Will Solomon
515,thomaet01,Etan Thomas
516,tinslja01,Jamaal Tinsley
517,torreos01,Óscar Torres
518,trepaje01,Jeff Trepagnier
519,vardara01,Ratko Varda
520,wallage01,Gerald Wallace
521,watsoea01,Earl Watson
522,whitero02,Rodney White
523,woodslo01,Loren Woods
524,archiro01,Robert Archibald
525,bastoma01,Maceo Baston
526,batismi01,Mike Batiste
527,baxtelo01,Lonny Baxter
528,boozeca01,Carlos Boozer
529,bremejr01,J.R. Bremer
530,brownde02,Devin Brown
531,burkepa01,Pat Burke
532,butleca01,Caron Butler
533,butlera01,Rasual Butler
534,dickada01,Dan Dickau
535,dixonju01,Juan Dixon
536,dunlemi02,Mike Dunleavy
537,elyme01,Melvin Ely
538,evansre01,Reggie Evans
539,gadzuda01,Dan Gadzuric
540,ginobma01,Manu Ginóbili*
541,giricgo01,Gordan Giriček
542,goodedr01,Drew Gooden
543,haislma01,Marcus Haislip
544,harriad01,Adam Harrington
545,harriju01,Junior Harrington
546,hawkiju01,Juaquin Hawkins
547,hilarne01,Nenê
548,huffmna01,Nate Huffman
549,humphry01,Ryan Humphrey
550,jacobca01,Casey Jacobsen
551,jaricma01,Marko Jarić
552,jeffech01,Chris Jefferies
553,jeffrja01,Jared Jeffries
554,johnske03,Ken Johnson
555,jonesfr01,Fred Jones
556,lamplse01,Sean Lampley
557,maddoti01,Tito Maddox
558,masonro01,Roger Mason
559,mingya01,Yao Ming*
560,murraro01,Ronald Murray
561,nachbbo01,Boštjan Nachbar
562,okurme01,Mehmet Okur
563,owensch01,Chris Owens
564,pargoja01,Jannero Pargo
565,parkesm01,Smush Parker
566,princta01,Tayshaun Prince
567,rakocig01,Igor Rakočević
568,rentzef01,Efthimios Rentzias
569,rigauan01,Antoine Rigaudeau
570,ruckegu01,Guy Rucker
571,rushka01,Kareem Rush
572,salmojo01,John Salmons
573,sampsja01,Jamal Sampson
574,savovpr01,Predrag Savović
575,shirlpa01,Paul Shirley
576,slayta01,Tamar Slay
577,stoudam01,Amar'e Stoudemire
578,trybace01,Cezary Trybański
579,tskitni01,Nikoloz Tskitishvili
580,wagneda02,Dajuan Wagner
581,welscji01,Jiří Welsch
582,wilcoch01,Chris Wilcox
583,wilksmi01,Mike Wilks
584,willibr01,Brandon Williams
585,willifr02,Frank Williams
586,willija03,Jay Williams
587,woodsqy01,Qyntel Woods
588,yarbrvi01,Vincent Yarbrough
589,anthoca01,Carmelo Anthony
590,banksma01,Marcus Banks
591,barbole01,Leandro Barbosa
592,barnema02,Matt Barnes
593,beaslje01,Jerome Beasley
594,belltr01,Troy Bell
595,blakest01,Steve Blake
596,boganke01,Keith Bogans
597,borchcu01,Curtis Borchardt
598,boshch01,Chris Bosh*
599,braggto01,Torraye Braggs
600,cabarza01,Žarko Čabarkapa
601,carroma01,Matt Carroll
602,cartema01,Maurice Carter
603,cookbr01,Brian Cook
604,cookom01,Omar Cook
605,daniema01,Marquis Daniels
606,davisjo02,Josh Davis
607,diawbo01,Boris Diaw
608,dickeka01,Kaniel Dickens
609,duprero01,Ronald Dupree
610,ebind01,Ndudi Ebi
611,elsonfr01,Francisco Elson
612,fergude01,Desmond Ferguson
613,fordtj01,T.J. Ford
614,frahmri01,Richie Frahm
615,fullehi01,Hiram Fuller
616,gainere01,Reece Gaines
617,garcial01,Alex Garcia
618,grantpa01,Paul Grant
619,greenwi01,Willie Green
620,handlbe01,Ben Handlogten
621,hansetr01,Travis Hansen
622,hasleud01,Udonis Haslem
623,hayesja01,Jarvis Hayes
624,healsh01,Shane Heal
625,hinriki01,Kirk Hinrich
626,howarjo01,Josh Howard
627,huntebr01,Brandon Hunter
628,jamesle01,LeBron James
629,johnsbr01,Britton Johnsen
630,johnsli01,Linton Johnson
631,jonesda02,Dahntay Jones
632,jonesja02,James Jones
633,kamanch01,Chris Kaman
634,kaponja01,Jason Kapono
635,korveky01,Kyle Korver
636,lampema01,Maciej Lampe
637,lopezra01,Raül López
638,mcleoke01,Keith McLeod
639,milicda01,Darko Miličić
640,milleol01,Oliver Miller
641,outlatr01,Travis Outlaw
642,pachuza01,Zaza Pachulia
643,pavloal01,Sasha Pavlović
644,penigde01,Desmond Penigar
645,penneki01,Kirk Penney
646,perkike01,Kendrick Perkins
647,pietrmi01,Mickaël Piétrus
648,planizo01,Zoran Planinić
649,ridnolu01,Luke Ridnour
650,smithth01,Theron Smith
651,songada01,Darius Songaila
652,sweetmi01,Mike Sweetney
653,udokaim01,Ime Udoka
654,vranesl01,Slavko Vraneš
655,wadedw01,Dwyane Wade
656,waltolu01,Luke Walton
657,westda01,David West
658,willima01,Mo Williams
659,allento01,Tony Allen
660,araujra01,Rafael Araújo
661,arizatr01,Trevor Ariza
662,bakerma01,Maurice Baker
663,barrean01,Andre Barrett
664,biedran01,Andris Biedriņš
665,bobbito01,Tony Bobbitt
666,bonnema01,Matt Bonner
667,burksan01,Antonio Burks
668,butleja01,Jackie Butler
669,carlige01,Geno Carlisle
670,chalmli01,Lionel Chalmers
671,childjo01,Josh Childress
672,collini01,Nick Collison
673,danieer01,Erik Daniels
674,delfica01,Carlos Delfino
675,denglu01,Luol Deng
676,duhonch01,Chris Duhon
677,edwarco01,Corsley Edwards
678,edwarjo01,John Edwards
679,emmetan01,Andre Emmett
680,florelu01,Luis Flores
681,freijma01,Matt Freije
682,gordobe01,Ben Gordon
683,harride01,Devin Harris
684,harrida01,David Harrison
685,howardw01,Dwight Howard
686,humphkr01,Kris Humphries
687,iguodan01,Andre Iguodala
688,mbengdj01,D.J. Mbenga
689,iveyro01,Royal Ivey
690,jackslu02,Luke Jackson
691,jeffeal01,Al Jefferson
692,jenkiho01,Horace Jenkins
693,jonesma03,Mark Jones
694,kasunma01,Mario Kasun
695,khryavi01,Viktor Khryapa
696,knighbr02,Brandin Knight
697,krstine01,Nenad Krstić
698,kutluib01,Ibo Kutluay
699,livinsh01,Shaun Livingston
700,martike02,Kevin Martin
701,nelsoja01,Jameer Nelson
702,nocioan01,Andrés Nocioni
703,okafoem01,Emeka Okafor
704,podkopa01,Pavel Podkolzin
705,radojal01,Aleksandar Radojević
706,ramospe01,Peter John Ramos
707,reedju01,Justin Reed
708,reineja01,Jared Reiner
709,robinbe01,Bernard Robinson
710,rossqu01,Quinton Ross
711,seungha01,Ha Seung-Jin
712,smithdo04,Donta Smith
713,smithjr01,J.R. Smith
714,smithjo03,Josh Smith
715,snydeki01,Kirk Snyder
716,sowpa01,Pape Sow
717,storeaw01,Awvee Storey
718,swiftro01,Robert Swift
719,tabusyu01,Yuta Tabuse
720,telfase01,Sebastian Telfair
721,thomabi01,Billy Thomas
722,thomaja02,James Thomas
723,thomajo02,John Thomas
724,udrihbe01,Beno Udrih
725,varejan01,Anderson Varejão
726,vromaja01,Jackson Vroman
727,vujacsa01,Sasha Vujačić
728,westde01,Delonte West
729,wilkida02,Damien Wilkins
730,wrighdo01,Dorell Wright
731,ackeral01,Alex Acker
732,anderal01,Alan Anderson
733,andrima01,Martynas Andriuškevičius
734,barroea01,Earl Barron
735,basdeed01,Eddie Basden
736,bassbr01,Brandon Bass
737,batises01,Esteban Batista
738,blatcan01,Andray Blatche
739,bogutan01,Andrew Bogut
740,burleke01,Kevin Burleson
741,bynuman01,Andrew Bynum
742,bynumwi01,Will Bynum
743,caldejo01,José Calderón
744,dienetr01,Travis Diener
745,dioguik01,Ike Diogu
746,ellismo01,Monta Ellis
747,ewingda01,Daniel Ewing
748,felixno01,Noel Felix
749,feltora01,Raymond Felton
750,fitchge01,Gerald Fitch
751,fordsh02,Sharrod Ford
752,fryech01,Channing Frye
753,gaide01,Deng Gai
754,garcifr01,Francisco García
755,gomesry01,Ryan Gomes
756,grahajo01,Joey Graham
757,grahast01,Stephen Graham
758,grangda01,Danny Granger
759,greende01,Devin Green
760,greenge01,Gerald Green
761,greenor01,Orien Greene
762,grundan01,Anthony Grundy
763,hayesch01,Chuck Hayes
764,headlu01,Luther Head
765,hodgeju01,Julius Hodge
766,holcora01,Randy Holcomb
767,jackja01,Jarrett Jack
768,jasiksa01,Šarūnas Jasikevičius
769,johnsam01,Amir Johnson
770,jonesdw02,Dwayne Jones
771,kleizli01,Linas Kleiza
772,korolya01,Yaroslav Korolev
773,leeda02,David Lee
774,lucasjo02,John Lucas III
775,macijar01,Arvydas Macijauskas
776,marshra01,Rawle Marshall
777,maxieja01,Jason Maxiell
778,mayse01,Sean May
779,mccanra01,Rashad McCants
780,milesaa01,Aaron Miles
781,milescj01,C.J. Miles
782,moniase01,Sergei Monia
783,ndongbo01,Boniface N'Dong
784,obertfa01,Fabricio Oberto
785,owensan01,Andre Owens
786,paulch01,Chris Paul
787,petrojo01,Johan Petro
788,poweljo01,Josh Powell
789,pricero01,Ronnie Price
790,randosh01,Shavlik Randolph
791,roberan02,Anthony Roberson
792,roberla01,Lawrence Roberts
793,robinna01,Nate Robinson
794,sandeme01,Melvin Sanders
795,scaleal01,Alex Scales
796,schenlu01,Luke Schenscher
797,simiewa01,Wayne Simien
798,singlja01,James Singleton
799,stoudsa01,Salim Stoudamire
800,taftch01,Chris Taft
801,taylodo01,Donell Taylor
802,thompdi01,Dijon Thompson
803,turiaro01,Ronny Turiaf
804,villach01,Charlie Villanueva
805,wafervo01,Von Wafer
806,walshma01,Matt Walsh
807,warriha01,Hakim Warrick
808,webstma02,Martell Webster
809,whalero01,Robert Whaley
810,willide01,Deron Williams
811,willilo02,Lou Williams
812,willima02,Marvin Williams
813,wrighan01,Antoine Wright
814,wrighbr02,Bracey Wright
815,zimmede01,Derrick Zimmerman
816,adamsha01,Hassan Adams
817,agerma01,Maurice Ager
818,aldrila01,LaMarcus Aldridge
819,amundlo01,Lou Amundson
820,armsthi01,Hilton Armstrong
821,augusja01,James Augustine
822,azubuke01,Kelenna Azubuike
823,balkmre01,Renaldo Balkman
824,bareajo01,J.J. Barea
825,bargnan01,Andrea Bargnani
826,blalowi01,Will Blalock
827,boonejo01,Josh Boone
828,bozemce01,Cedric Bozeman
829,brewero02,Ronnie Brewer
830,brownan01,Andre Brown
831,brownde03,Dee Brown
832,brownsh01,Shannon Brown
833,carnero01,Rodney Carney
834,collima01,Mardy Collins
835,conrowi01,Will Conroy
836,davispa01,Paul Davis
837,diawaya01,Yakhouba Diawara
838,doubyqu01,Quincy Douby
839,farmajo01,Jordan Farmar
840,farmede01,Desmon Farmer
841,foyera01,Randy Foye
842,garbajo01,Jorge Garbajosa
843,gayru01,Rudy Gay
844,gelabmi01,Mickaël Gelabale
845,gibsoda01,Daniel Gibson
846,glynian01,Andreas Glyniadakis
847,greerly01,Lynn Greer
848,hallmi01,Mike Hall
849,herrmwa01,Walter Herrmann
850,hitero01,Robert Hite
851,holliry01,Ryan Hollins
852,ilicmi01,Mile Ilić
853,ilyaser01,Ersan İlyasova
854,johnsal01,Alexander Johnson
855,jonesbo02,Bobby Jones
856,jonesso01,Solomon Jones
857,kinseta01,Tarence Kinsey
858,langja01,James Lang
859,lowryky01,Kyle Lowry
860,majorre01,Renaldo Major
861,markoda01,Damir Markota
862,mccrach01,Chris McCray
863,mcfariv01,Ivan McFarlin
864,mensapo01,Pops Mensah-Bonsu
865,millspa01,Paul Millsap
866,morrira01,Randolph Morris
867,morriad01,Adam Morrison
868,noelda01,David Noel
869,novakst01,Steve Novak
870,obryapa01,Patrick O'Bryant
871,parkean01,Anthony Parker
872,pinknke01,Kevinn Pinkney
873,powele01,Leon Powe
874,powelro01,Roger Powell
875,quinnch01,Chris Quinn
876,rayal01,Allan Ray
877,redicjj01,J.J. Redick
878,richaje01,Jeremy Richardson
879,rodrise01,Sergio Rodríguez
880,rondora01,Rajon Rondo
881,roybr01,Brandon Roy
882,sefolth01,Thabo Sefolosha
883,senesa01,Mouhamed Sene
884,simmoce01,Cedric Simmons
885,slokaur01,Uroš Slokar
886,smithcr01,Craig Smith
887,smithst03,Steven Smith
888,spanova01,Vassilis Spanoulis
889,thomaty01,Tyrus Thomas
890,tuckepj01,P.J. Tucker
891,vincima01,Marcus Vinicius
892,whiteja02,James White
893,williju01,Justin Williams
894,willima03,Marcus Williams
895,willish03,Shawne Williams
896,willish02,Shelden Williams
897,afflaar01,Arron Afflalo
898,ahearbl01,Blake Ahearn
899,allrela01,Lance Allred
900,almonmo01,Morris Almond
901,anthojo01,Joel Anthony
902,belinma01,Marco Belinelli
903,breweco01,Corey Brewer
904,brookaa01,Aaron Brooks
905,chandwi01,Wilson Chandler
906,conlemi01,Mike Conley
907,cookda02,Daequan Cook
908,crittja01,Javaris Crittenton
909,davidje01,Jermareo Davidson
910,davisgl01,Glen Davis
911,diazgu01,Guillermo Díaz
912,dudleja01,Jared Dudley
913,duranke01,Kevin Durant
914,fazekni01,Nick Fazekas
915,fesenky01,Kyrylo Fesenko
916,gardnth01,Thomas Gardner
917,gortama01,Marcin Gortat
918,grayaa01,Aaron Gray
919,greenje02,Jeff Green
920,greenta01,Taurean Green
921,harrimi01,Mike Harris
922,hawessp01,Spencer Hawes
923,horfoal01,Al Horford
924,jianlyi01,Yi Jianlian
925,karlco01,Coby Karl
926,landrca01,Carl Landry
927,langfke01,Keith Langford
928,lasmest01,Stéphane Lasme
929,lawac01,Acie Law
930,mahinia01,Ian Mahinmi
931,mcguido01,Dominic McGuire
932,mcrobjo01,Josh McRoberts
933,moonja01,Jamario Moon
934,navarju01,Juan Carlos Navarro
935,nichode01,Demetris Nichols
936,noahjo01,Joakim Noah
937,pecheol01,Oleksiy Pecherov
938,perovko01,Kosta Perović
939,powelka01,Kasib Powell
940,pruitga01,Gabe Pruitt
941,richach01,Chris Richard
942,sambch01,Cheikh Samb
943,scolalu01,Luis Scola
944,sessira01,Ramon Sessions
945,simsco01,Courtney Sims
946,smithja02,Jason Smith
947,strawdj01,D.J. Strawberry
948,stuckro01,Rodney Stuckey
949,thornal01,Al Thornton
950,tuckeal02,Alando Tucker
951,washida01,Darius Washington
952,watkida01,Darryl Watkins
953,watsocj01,C.J. Watson
954,westma02,Mario West
955,willima04,Marcus Williams
956,willise01,Sean Williams
957,wrighbr03,Brandan Wright
958,wrighju01,Julian Wright
959,youngni01,Nick Young
960,youngth01,Thaddeus Young
961,ajincal01,Alexis Ajinça
962,alexajo01,Joe Alexander
963,anderry01,Ryan Anderson
964,arthuda01,Darrell Arthur
965,augusdj01,D.J. Augustin
966,batumni01,Nicolas Batum
967,bayleje01,Jerryd Bayless
968,beaslmi01,Michael Beasley
969,brownbo02,Bobby Brown
970,chalmma01,Mario Chalmers
971,crawfjo01,Joe Crawford
972,dorsejo01,Joey Dorsey
973,douglch01,Chris Douglas-Roberts
974,dragigo01,Goran Dragić
975,fernaru01,Rudy Fernández
976,gallida01,Danilo Gallinari
977,gasolma01,Marc Gasol
978,giddejr01,J.R. Giddens
979,gordoer01,Eric Gordon
980,greendo01,Donté Greene
981,haddaha01,Hamed Haddadi
982,hairsma01,Malik Hairston
983,hibbero01,Roy Hibbert
984,hicksjj01,J.J. Hickson
985,hillge01,George Hill
986,hillst01,Steven Hill
987,hunteot01,Othello Hunter
988,jacksda01,Darnell Jackson
989,jawaina01,Nathan Jawai
990,jeffedo01,Dontell Jefferson
991,johnstr01,Trey Johnson
992,jordade01,DeAndre Jordan
993,koufoko01,Kosta Koufos
994,kurzro01,Rob Kurz
995,leeco01,Courtney Lee
996,lopezbr01,Brook Lopez
997,lopezro01,Robin Lopez
998,loveke01,Kevin Love
999,martica01,Cartier Martin
1000,mayooj01,O.J. Mayo
1001,mbahalu01,Luc Mbah a Moute
1002,mcgeeja01,JaVale McGee
1003,morroan01,Anthony Morrow
1004,nelsode01,DeMarcus Nelson
1005,odengr01,Greg Oden
1006,randoan01,Anthony Randolph
1007,rosede01,Derrick Rose
1008,rushbr01,Brandon Rush
1009,sharpwa01,Walter Sharpe
1010,singlse01,Sean Singletary
1011,speigma01,Marreese Speights
1012,taylomi01,Mike Taylor
1013,thompja02,Jason Thompson
1014,tollian01,Anthony Tolliver
1015,ukicro01,Roko Ukić
1016,walkebi01,Henry Walker
1017,weaveky01,Kyle Weaver
1018,weemsso01,Sonny Weems
1019,westbru01,Russell Westbrook
1020,whitedj01,D.J. White
1021,willija04,Jawad Williams
1022,yuesu01,Sun Yue
1023,anderda03,David Andersen
1024,anderan02,Antonio Anderson
1025,pendeje02,Jeff Ayres
1026,beaubro01,Rodrigue Beaubois
1027,blairde01,DeJuan Blair
1028,brockjo01,Jon Brockman
1029,brownde04,Derrick Brown
1030,budinch01,Chase Budinger
1031,carrode01,DeMarre Carroll
1032,casspom01,Omri Casspi
1033,clarkea01,Earl Clark
1034,collida01,Darren Collison
1035,cunnida01,Dante Cunningham
1036,curryja01,JamesOn Curry
1037,curryst01,Stephen Curry
1038,dayeau01,Austin Daye
1039,derozde01,DeMar DeRozan
1040,douglto01,Toney Douglas
1041,ellinwa01,Wayne Ellington
1042,evansty01,Tyreke Evans
1043,flynnjo01,Jonny Flynn
1044,gainesu01,Sundiata Gaines
1045,geeal01,Alonzo Gee
1046,gibsota01,Taj Gibson
1047,gildetr01,Trey Gilder
1048,greenda02,Danny Green
1049,griffta01,Taylor Griffin
1050,hansbty01,Tyler Hansbrough
1051,hardeja01,James Harden
1052,hendege02,Gerald Henderson
1053,hilljo01,Jordan Hill
1054,holidjr01,Jrue Holiday
1055,hudsole01,Lester Hudson
1056,huntech01,Chris Hunter
1057,ibakase01,Serge Ibaka
1058,jacksce01,Cedric Jackson
1059,jeffeot01,Othyus Jeffers
1060,jennibr01,Brandon Jennings
1061,jerebjo01,Jonas Jerebko
1062,johnsja01,James Johnson
1063,lafayol01,Oliver Lafayette
1064,landrma01,Marcus Landry
1065,lawsoty01,Ty Lawson
1066,matthwe02,Wesley Matthews
1067,maynoer01,Eric Maynor
1068,meeksjo01,Jodie Meeks
1069,millspa02,Patty Mills
1070,mulleby01,Byron Mullens
1071,priceaj01,A.J. Price
1072,summeda01,DaJuan Summers
1073,tayloje02,Jermaine Taylor
1074,teaguje01,Jeff Teague
1075,templga01,Garrett Temple
1076,thabeha01,Hasheem Thabeet
1077,thornma01,Marcus Thornton
1078,willire02,Reggie Williams
1079,willite01,Terrence Williams
1080,youngsa01,Sam Young
1081,adrieje01,Jeff Adrien
1082,alabiso01,Solomon Alabi
1083,aldrico01,Cole Aldrich
1084,aminual01,Al-Farouq Aminu
1085,anderja01,James Anderson
1086,asikom01,Ömer Aşık
1087,babbilu01,Luke Babbitt
1088,bledser01,Eric Bledsoe
1089,booketr01,Trevor Booker
1090,brackcr01,Craig Brackins
1091,bradlav01,Avery Bradley
1092,caracde01,Derrick Caracter
1093,collish01,Sherron Collins
1094,cousima01,Marcus Cousin
1095,couside01,DeMarcus Cousins
1096,crawfjo02,Jordan Crawford
1097,davised01,Ed Davis
1098,dowdeza01,Zabian Dowdell
1099,ebankde01,Devin Ebanks
1100,erdense01,Semih Erden
1101,evansje01,Jeremy Evans
1102,ewingpa02,Patrick Ewing
1103,eyengch01,Christian Eyenga
1104,favorde01,Derrick Favors
1105,fieldla01,Landry Fields
1106,forbega01,Gary Forbes
1107,georgpa01,Paul George
1108,griffbl01,Blake Griffin
1109,haranlu01,Luke Harangody
1110,harrima01,Manny Harris
1111,haywago01,Gordon Hayward
1112,haywala01,Lazar Hayward
1113,henryxa01,Xavier Henry
1114,jamesda01,Damion James
1115,jetereu01,Eugene Jeter
1116,johnsar02,Armon Johnson
1117,johnsch03,Chris Johnson
1118,johnswe01,Wesley Johnson
1119,jonesdo02,Dominique Jones
1120,lawalga01,Gani Lawal
1121,linje01,Jeremy Lin
1122,monrogr01,Greg Monroe
1123,mozgoti01,Timofey Mozgov
1124,ndiayha01,Hamady N'Diaye
1125,nealga01,Gary Neal
1126,owensla01,Larry Owens
1127,pattepa01,Patrick Patterson
1128,pekovni01,Nikola Peković
1129,pittmde01,Dexter Pittman
1130,pondequ01,Quincy Pondexter
1131,rautian01,Andy Rautins
1132,samuesa01,Samardo Samuels
1133,sandela01,Larry Sanders
1134,serapke01,Kevin Séraphin
1135,shakumu01,Mustafa Shakur
1136,silerga01,Garret Siler
1137,smithis01,Ish Smith
1138,splitti01,Tiago Splitter
1139,stephla01,Lance Stephenson
1140,sypa01,Pape Sy
1141,turneev01,Evan Turner
1142,udohek01,Ekpe Udoh
1143,uzohbe01,Ben Uzoh
1144,vasqugr01,Greivis Vásquez
1145,walljo01,John Wall
1146,warrewi01,Willie Warren
1147,whiteha01,Hassan Whiteside
1148,allenla01,Lavoy Allen
1149,ayongu01,Gustavo Ayón
1150,bensoke02,Keith Benson
1151,biyombi01,Bismack Biyombo
1152,brookma01,MarShon Brooks
1153,burksal01,Alec Burks
1154,butleji01,Jimmy Butler
1155,byarsde01,Derrick Byars
1156,coleno01,Norris Cole
1157,dawsoer01,Eric Dawson
1158,dentmju01,Justin Dentmon
1159,dysonje01,Jerome Dyson
1160,farieke01,Kenneth Faried
1161,footeje01,Jeff Foote
1162,fortsco01,Courtney Fortson
1163,fredeji01,Jimmer Fredette
1164,kanteen01,Enes Freedom
1165,gladnmi01,Mickell Gladness
1166,goudean01,Andrew Goudelock
1167,hamiljo02,Jordan Hamilton
1168,harpeju01,Justin Harper
1169,harrejo01,Josh Harrellson
1170,harrite01,Terrel Harris
1171,harrito02,Tobias Harris
1172,higgico01,Cory Higgins
1173,hobsoda01,Darington Hobson
1174,honeyty01,Tyler Honeycutt
1175,hornede01,Dennis Horner
1176,irvinky01,Kyrie Irving
1177,jacksre01,Reggie Jackson
1178,jenkich01,Charles Jenkins
1179,johnsca01,Carldell Johnson
1180,johnsiv01,Ivan Johnson
1181,johnsja02,JaJuan Johnson
1182,jordaje01,Jerome Jordan
1183,josepco01,Cory Joseph
1184,kennedj01,D.J. Kennedy
1185,knighbr03,Brandon Knight
1186,leema01,Malcolm Lee
1187,leonaka01,Kawhi Leonard
1188,leslitr01,Travis Leslie
1189,leuerjo01,Jon Leuer
1190,liggide01,DeAndre Liggins
1191,macksh01,Shelvin Mack
1192,macklve01,Vernon Macklin
1193,mooreet01,E'Twaun Moore
1194,morrida01,Darius Morris
1195,morrima03,Marcus Morris
1196,morrima02,Markieff Morris
1197,ortonda01,Daniel Orton
1198,pargoje01,Jeremy Pargo
1199,parsoch01,Chandler Parsons
1200,reidry01,Ryan Reid
1201,rubiori01,Ricky Rubio
1202,russewa02,Walker Russell
1203,selbyjo01,Josh Selby
1204,shumpim01,Iman Shumpert
1205,silasxa01,Xavier Silas
1206,singlch01,Chris Singleton
1207,sloando01,Donald Sloan
1208,smithgr02,Greg Smith
1209,smithje01,Jerry Smith
1210,smithno01,Nolan Smith
1211,stiemgr01,Greg Stiemsma
1212,stoneju01,Julyan Stone
1213,thomais02,Isaiah Thomas
1214,thomala01,Lance Thomas
1215,thomama01,Malcolm Thomas
1216,thomptr02,Trey Thompkins
1217,thompkl01,Klay Thompson
1218,thompmy02,Mychel Thompson
1219,thomptr01,Tristan Thompson
1220,tylerje01,Jeremy Tyler
1221,ubileed01,Edwin Ubiles
1222,veselja01,Jan Veselý
1223,vucevni01,Nikola Vučević
1224,walkeke02,Kemba Walker
1225,willide02,Derrick Williams
1226,williel01,Elliot Williams
1227,willijo03,Jordan Williams
1228,wrighch01,Chris Wright
1229,acyqu01,Quincy Acy
1230,akognjo01,Josh Akognon
1231,barneha02,Harrison Barnes
1232,bartowi01,Will Barton
1233,baynear01,Aron Baynes
1234,bazemke01,Kent Bazemore
1235,bealbr01,Bradley Beal
1236,beverpa01,Patrick Beverley
1237,clavevi01,Victor Claver
1238,copelch01,Chris Copeland
1239,crowdja01,Jae Crowder
1240,cunnija01,Jared Cunningham
1241,davisan02,Anthony Davis
1242,decolna01,Nando De Colo
1243,drumman01,Andre Drummond
1244,engliki01,Kim English
1245,ezelife01,Festus Ezeli
1246,fournev01,Evan Fournier
1247,freeljo01,Joel Freeland
1248,garredi02,Diante Garrett
1249,greendr01,Draymond Green
1250,hansbbe01,Ben Hansbrough
1251,harklma01,Maurice Harkless
1252,hensojo01,John Henson
1253,holidju01,Justin Holiday
1254,jamesbe01,Bernard James
1255,jenkijo01,John Jenkins
1256,johnsch04,Chris Johnson
1257,johnsor01,Orlando Johnson
1258,johnsda03,Darius Johnson-Odom
1259,jonesde01,DeQuan Jones
1260,joneske01,Kevin Jones
1261,jonespe01,Perry Jones
1262,joneste01,Terrence Jones
1263,josepkr01,Kris Joseph
1264,kiddgmi01,Michael Kidd-Gilchrist
1265,kravtvi01,Viacheslav Kravtsov
1266,lambdo01,Doron Lamb
1267,lambje01,Jeremy Lamb
1268,leoname01,Meyers Leonard
1269,lillada01,Damian Lillard
1270,machasc01,Scott Machado
1271,marshke01,Kendall Marshall
1272,melofa01,Fab Melo
1273,middlkh01,Khris Middleton
1274,milleda01,Darius Miller
1275,millequ01,Quincy Miller
1276,motiedo01,Donatas Motiejūnas
1277,moultar01,Arnett Moultrie
1278,murphke01,Kevin Murphy
1279,nichoan01,Andrew Nicholson
1280,oquinky01,Kyle O'Quinn
1281,ohlbrti01,Tim Ohlbrecht
1282,plumlmi01,Miles Plumlee
1283,prigipa01,Pablo Prigioni
1284,riverau01,Austin Rivers
1285,roberbr01,Brian Roberts
1286,robinth01,Thomas Robinson
1287,rosste01,Terrence Ross
1288,sacrero01,Robert Sacre
1289,scottmi01,Mike Scott
1290,shengto01,Tornike Shengelia
1291,shvedal01,Alexey Shved
1292,simshe01,Henry Sims
1293,singlky01,Kyle Singler
1294,sullija01,Jared Sullinger
1295,tayloje03,Jeff Taylor
1296,tayloty01,Tyshawn Taylor
1297,teaguma01,Marquis Teague
1298,teletmi01,Mirza Teletović
1299,valanjo01,Jonas Valančiūnas
1300,varnaja01,Jarvis Varnado
1301,waitedi01,Dion Waiters
1302,waynsma01,Maalik Wayns
1303,wrighch02,Chris Wright
1304,wroteto01,Tony Wroten
1305,zellelu01,Luke Zeller
1306,zellety01,Tyler Zeller
1307,adamsst01,Steven Adams
1308,antetgi01,Giannis Antetokounmpo
1309,anticpe01,Pero Antić
1310,babbch01,Chris Babb
1311,bennean01,Anthony Bennett
1312,blueva01,Vander Blue
1313,brownlo01,Lorenzo Brown
1314,bullore01,Reggie Bullock
1315,burketr01,Trey Burke
1316,buyckdw01,Dwight Buycks
1317,calatni01,Nick Calathes
1318,caldwke01,Kentavious Caldwell-Pope
1319,canaais01,Isaiah Canaan
1320,cartemi01,Michael Carter-Williams
1321,chrisdi01,Dionte Christmas
1322,clarkia01,Ian Clark
1323,covinro01,Robert Covington
1324,crabbal01,Allen Crabbe
1325,curryse01,Seth Curry
1326,danietr01,Troy Daniels
1327,datomlu01,Gigi Datome
1328,daviebr01,Brandon Davies
1329,dedmode01,Dewayne Dedmon
1330,dellama01,Matthew Dellavedova
1331,dienggo01,Gorgui Dieng
1332,edwarsh01,Shane Edwards
1333,favervi01,Vítor Luiz Faverani
1334,felixca01,Carrick Felix
1335,frankja01,Jamaal Franklin
1336,goberru01,Rudy Gobert
1337,goodwar01,Archie Goodwin
1338,gutiejo01,Jorge Gutiérrez
1339,hamilju01,Justin Hamilton
1340,hardati02,Tim Hardaway Jr.
1341,harriel01,Elias Harris
1342,hillso01,Solomon Hill
1343,hopsosc01,Scotty Hopson
1344,hummero01,Robbie Hummel
1345,karasse01,Sergey Karasev
1346,kellyry01,Ryan Kelly
1347,kuzmiog01,Ognjen Kuzmić
1348,larkish01,Shane Larkin
1349,ledori01,Ricky Ledo
1350,lenal01,Alex Len
1351,mccalra01,Ray McCallum
1352,mccolcj01,CJ McCollum
1353,mclembe01,Ben McLemore
1354,mekelga01,Gal Mekel
1355,mitchto02,Tony Mitchell
1356,mitchto03,Tony Mitchell
1357,muhamsh01,Shabazz Muhammad
1358,murpher01,Erik Murphy
1359,murryto01,Toure' Murry
1360,muscami01,Mike Muscala
1361,nedovne01,Nemanja Nedović
1362,nunnaja01,James Nunnally
1363,oladivi01,Victor Oladipo
1364,olynyke01,Kelly Olynyk
1365,onuakar01,Arinze Onuaku
1366,plumlma01,Mason Plumlee
1367,porteot01,Otto Porter Jr.
1368,pressph01,Phil Pressey
1369,radulmi01,Miroslav Raduljica
1370,ricegl02,Glen Rice Jr.
1371,roberan03,Andre Roberson
1372,schrode01,Dennis Schröder
1373,sivape01,Peyton Siva
1374,smithch05,Chris Smith
1375,snellto01,Tony Snell
1376,southja01,James Southerland
1377,stephdj01,D.J. Stephens
1378,thomaad01,Adonis Thomas
1379,thompho01,Hollis Thompson
1380,wareca01,Casper Ware
1381,whitero03,Royce White
1382,witheje01,Jeff Withey
1383,woltena01,Nate Wolters
1384,zelleco01,Cody Zeller
1385,adamsjo01,Jordan Adams
1386,aldemfu01,Furkan Aldemir
1387,anderky01,Kyle Anderson
1388,bairsca01,Cameron Bairstow
1389,benimje01,Jerrelle Benimon
1390,bhullsi01,Sim Bhullar
1391,blackta01,Tarik Black
1392,bogdabo02,Bojan Bogdanović
1393,brownja01,Jabari Brown
1394,brownma02,Markel Brown
1395,cabocbr01,Bruno Caboclo
1396,capelca01,Clint Capela
1397,cherrwi01,Will Cherry
1398,chrispa01,Patrick Christopher
1399,clarkjo01,Jordan Clarkson
1400,cooleja01,Jack Cooley
1401,cottobr01,Bryce Cotton
1402,dawkian01,Andre Dawkins
1403,dinwisp01,Spencer Dinwiddie
1404,dragizo01,Zoran Dragić
1405,drewla02,Larry Drew II
1406,earlycl01,Cleanthony Early
1407,ennisja01,James Ennis III
1408,ennisty01,Tyler Ennis
1409,exumda01,Dante Exum
1410,fraziti01,Tim Frazier
1411,gallola01,Langston Galloway
1412,gordoaa01,Aaron Gordon
1413,gordodr01,Drew Gordon
1414,grantje01,Jerami Grant
1415,greener01,Erick Green
1416,greenja01,JaMychal Green
1417,hairspj02,P.J. Hairston
1418,harriga01,Gary Harris
1419,harrijo01,Joe Harris
1420,hoodro01,Rodney Hood
1421,inglejo01,Joe Ingles
1422,jeffeco01,Cory Jefferson
1423,jerregr01,Grant Jerrett
1424,johnsni01,Nick Johnson
1425,johnsty01,Tyler Johnson
1426,kilpase01,Sean Kilpatrick
1427,kirkal01,Alex Kirk
1428,lauvejo01,Joffrey Lauvergne
1429,lavinza01,Zach LaVine
1430,lucaska01,Kalin Lucas
1431,marblde01,Devyn Marble
1432,mcadoja01,James Michael McAdoo
1433,mcdankj01,K.J. McDaniels
1434,mcderdo01,Doug McDermott
1435,mcgarmi01,Mitch McGary
1436,mcneaje01,Jerel McNeal
1437,millsel01,Elijah Millsap
1438,mirotni01,Nikola Mirotić
1439,moreler01,Eric Moreland
1440,napiesh01,Shabazz Napier
1441,noelne01,Nerlens Noel
1442,noguelu01,Lucas Nogueira
1443,nurkiju01,Jusuf Nurkić
1444,obryajo01,Johnny O'Bryant
1445,papanko01,Kostas Papanikolaou
1446,parkeja01,Jabari Parker
1447,paynead01,Adreian Payne
1448,paytoel01,Elfrid Payton
1449,poweldw01,Dwight Powell
1450,randlju01,Julius Randle
1451,robingl02,Glenn Robinson III
1452,rudezda01,Damjan Rudež
1453,sampsja02,JaKarr Sampson
1454,smartma01,Marcus Smart
1455,smithru01,Russ Smith
1456,stausni01,Nik Stauskas
1457,stockda01,David Stockton
1458,stokeja01,Jarnell Stokes
1459,vonleno01,Noah Vonleh
1460,warretj01,T.J. Warren
1461,wearda01,David Wear
1462,weartr01,Travis Wear
1463,whittsh01,Shayne Whittington
1464,wiggian01,Andrew Wiggins
1465,wilcocj01,C.J. Wilcox
1466,youngja01,James Young
1467,alexacl01,Cliff Alexander
1468,anderju01,Justin Anderson
1469,antetth01,Thanasis Antetokounmpo
1470,applike01,Keith Appling
1471,bjeline01,Nemanja Bjelica
1472,bookede01,Devin Booker
1473,brownan02,Anthony Brown
1474,caulewi01,Willie Cauley-Stein
1475,chrisra01,Rakeem Christmas
1476,clarkco01,Coty Clarke
1477,connapa01,Pat Connaughton
1478,dawsobr01,Branden Dawson
1479,dejeabr01,Bryce Dejean-Jones
1480,dekkesa01,Sam Dekker
1481,dukandu01,Duje Dukan
1482,eddieja01,Jarell Eddie
1483,feliccr01,Cristiano Felício
1484,grantje02,Jerian Grant
1485,harremo01,Montrezl Harrell
1486,harriaa01,Aaron Harrison
1487,hezonma01,Mario Hezonja
1488,hillida01,Darrun Hilliard
1489,holliro01,Rondae Hollis-Jefferson
1490,holmeri01,Richaun Holmes
1491,huertma01,Marcelo Huertas
1492,huestjo01,Josh Huestis
1493,hunterj01,R.J. Hunter
1494,inglida01,Damien Inglis
1495,johnsst04,Stanley Johnson
1496,jokicni01,Nikola Jokić
1497,jonesty01,Tyus Jones
1498,kaminfr01,Frank Kaminsky
1499,kaunsa01,Sasha Kaun
1500,looneke01,Kevon Looney
1501,lylestr01,Trey Lyles
1502,marjabo01,Boban Marjanović
1503,martija01,Jarell Martin
1504,mccontj01,T.J. McConnell
1505,mcculch01,Chris McCullough
1506,mcraejo01,Jordan McRae
1507,mejrisa01,Salah Mejri
1508,mickejo01,Jordan Mickey
1509,montelu01,Luis Montero
1510,mudiaem01,Emmanuel Mudiay
1511,munfoxa02,Xavier Munford
1512,nancela02,Larry Nance Jr.
1513,netora01,Raul Neto
1514,obriejj01,J.J. O'Brien
1515,okafoja01,Jahlil Okafor
1516,oubreke01,Kelly Oubre Jr.
1517,pattela01,Lamar Patterson
1518,payneca01,Cameron Payne
1519,pleisti01,Tibor Pleiß
1520,portibo01,Bobby Portis
1521,porzikr01,Kristaps Porziņģis
1522,powelno01,Norman Powell
1523,reedwi02,Willie Reed
1524,richajo01,Josh Richardson
1525,roziete01,Terry Rozier
1526,russeda01,D'Angelo Russell
1527,simmojo02,Jonathon Simmons
1528,stephal01,Alex Stepheson
1529,tavarwa01,Edy Tavares
1530,toupaax01,Axel Toupane
1531,townska01,Karl-Anthony Towns
1532,turnemy01,Myles Turner
1533,vaughra01,Rashad Vaughn
1534,weberbr01,Briante Weber
1535,willial03,Alan Williams
1536,winslju01,Justise Winslow
1537,woodch01,Christian Wood
1538,wrighde01,Delon Wright
1539,youngjo01,Joe Young
1540,abrinal01,Álex Abrines
1541,bakerro01,Ron Baker
1542,baldwwa01,Wade Baldwin
1543,beaslma01,Malik Beasley
1544,bembrde01,DeAndre' Bembry
1545,bendedr01,Dragan Bender
1546,bentibe01,Ben Bentil
1547,bertada01,Dāvis Bertāns
1548,bolomjo01,Joel Bolomboy
1549,brogdma01,Malcolm Brogdon
1550,brownja02,Jaylen Brown
1551,brussni01,Nicolás Brussino
1552,chrisma01,Marquese Chriss
1553,chrisse01,Semaj Christon
1554,cookqu01,Quinn Cook
1555,davisde01,Deyonta Davis
1556,delanma01,Malcolm Delaney
1557,diallch01,Cheick Diallo
1558,dunnkr01,Kris Dunn
1559,ellenhe01,Henry Ellenson
1560,embiijo01,Joel Embiid
1561,feldeka01,Kay Felder
1562,ferreyo01,Yogi Ferrell
1563,finnedo01,Dorian Finney-Smith
1564,forbebr01,Bryn Forbes
1565,garinpa01,Patricio Garino
1566,gbinimi01,Michael Gbinije
1567,georgma01,Marcus Georges-Hunt
1568,gibsojo01,Jonathan Gibson
1569,grahatr01,Treveon Graham
1570,hammoaj01,A.J. Hammons
1571,harrian01,Andrew Harrison
1572,hernaju01,Juancho Hernangómez
1573,hernawi01,Willy Hernangómez
1574,hieldbu01,Buddy Hield
1575,houseda01,Danuel House Jr.
1576,ingrabr01,Brandon Ingram
1577,jacksde01,Demetrius Jackson
1578,jackspi01,Pierre Jackson
1579,johnsbr02,Brice Johnson
1580,jonesda03,Damian Jones
1581,jonesde02,Derrick Jones Jr.
1582,kuzmimi01,Mindaugas Kuzminskas
1583,labissk01,Skal Labissière
1584,laproni01,Nicolás Laprovíttola
1585,laymaja01,Jake Layman
1586,leverca01,Caris LeVert
1587,longsh01,Shawn Long
1588,luwawti01,Timothé Luwawu-Cabarrot
1589,mcclesh01,Sheldon Mac
1590,makerth01,Thon Maker
1591,mccawpa01,Patrick McCaw
1592,mcgruro01,Rodney McGruder
1593,murrade01,Dejounte Murray
1594,murraja01,Jamal Murray
1595,ndourma01,Maurice Ndour
1596,niangge01,Georges Niang
1597,nwabada01,David Nwaba
1598,ochefda01,Daniel Ochefu
1599,onuakch01,Chinanu Onuaku
1600,papagge01,Georgios Papagiannis
1601,paytoga02,Gary Payton II
1602,plumlma02,Marshall Plumlee
1603,poeltja01,Jakob Poeltl
1604,poythal01,Alex Poythress
1605,princta02,Taurean Prince
1606,quartti01,Tim Quarterman
1607,randlch01,Chasson Randle
1608,richama01,Malachi Richardson
1609,sabondo01,Domantas Sabonis
1610,saricda01,Dario Šarić
1611,satorto01,Tomáš Satoranský
1612,seldewa01,Wayne Selden
1613,siakapa01,Pascal Siakam
1614,stonedi01,Diamond Stone
1615,taylois01,Isaiah Taylor
1616,tobeymi01,Mike Tobey
1617,ulisty01,Tyler Ulis
1618,uthofja01,Jarrod Uthoff
1619,valende01,Denzel Valentine
1620,vanvlfr01,Fred VanVleet
1621,whiteok01,Okaro White
1622,whiteis01,Isaiah Whitehead
1623,willitr02,Troy Williams
1624,wiltjky01,Kyle Wiltjer
1625,zimmest01,Stephen Zimmerman
1626,zipsepa01,Paul Zipser
1627,zubaciv01,Ivica Zubac
1628,adebaba01,Bam Adebayo
1629,allenja01,Jarrett Allen
1630,allenka01,Kadeem Allen
1631,anigbik01,Ike Anigbogu
1632,anunoog01,OG Anunoby
1633,arcidry01,Ryan Arcidiacono
1634,artisja01,Jamel Artis
1635,bacondw01,Dwayne Bacon
1636,balllo01,Lonzo Ball
1637,belljo01,Jordan Bell
1638,birchkh01,Khem Birch
1639,birdja01,Jabari Bird
1640,blakean01,Antonio Blakeney
1641,bogdabo01,Bogdan Bogdanović
1642,bouchch01,Chris Boucher
1643,bradlto01,Tony Bradley
1644,brookdi01,Dillon Brooks
1645,brownst02,Sterling Brown
1646,bryanth01,Thomas Bryant
1647,carusal01,Alex Caruso
1648,cavanty01,Tyler Cavanaugh
1649,clavegi01,Gian Clavell
1650,clevean01,Antonius Cleveland
1651,collijo01,John Collins
1652,colliza01,Zach Collins
1653,colliky01,Kyle Collinsworth
1654,cookech01,Charles Cooke
1655,costema01,Matt Costello
1656,craigto01,Torrey Craig
1657,dorsety01,Tyler Dorsey
1658,dotsoda01,Damyean Dotson
1659,doylemi01,Milton Doyle
1660,doziepj01,PJ Dozier
1661,evansja01,Jawun Evans
1662,fergute01,Terrance Ferguson
1663,foxde01,De'Aaron Fox
1664,fultzma01,Markelle Fultz
1665,grayjo01,Josh Gray
1666,hamilda02,Daniel Hamilton
1667,harrish01,Shaquille Harrison
1668,hartjo01,Josh Hart
1669,hayesni01,Nigel Hayes
1670,hearnre01,Reggie Hearn
1671,henrymy01,Myke Henry
1672,hicksis01,Isaiah Hicks
1673,hollajo02,John Holland
1674,huntevi01,Vince Hunter
1675,ingraan01,Andre Ingram
1676,isaacjo01,Jonathan Isaac
1677,iwundwe01,Wes Iwundu
1678,jacksaa01,Aaron Jackson
1679,jacksjo02,Josh Jackson
1680,jacksju01,Justin Jackson
1681,jamesmi02,Mike James
1682,johnsda04,Dakari Johnson
1683,johnsom01,Omari Johnson
1684,jonesja04,Jalen Jones
1685,kennalu01,Luke Kennard
1686,klebima01,Maxi Kleber
1687,korkmfu01,Furkan Korkmaz
1688,kornelu01,Luke Kornet
1689,kuzmaky01,Kyle Kuzma
1690,leaftj01,T.J. Leaf
1691,leeda03,Damion Lee
1692,lemonwa01,Walt Lemon Jr.
1693,lydonty01,Tyler Lydon
1694,magetjo01,Josh Magette
1695,markkla01,Lauri Markkanen
1696,masonfr01,Frank Mason III
1697,mathima01,Mangok Mathiang
1698,mccreer01,Erik McCree
1699,mckintr01,Trey McKinney-Jones
1700,mckinal01,Alfonzo McKinnie
1701,millema01,Malcolm Miller
1702,mitchdo01,Donovan Mitchell
1703,mitrona01,Naz Mitrou-Long
1704,monkma01,Malik Monk
1705,moorebe01,Ben Moore
1706,morrija01,Jaylen Morris
1707,morrimo01,Monte Morris
1708,motlejo01,Johnathan Motley
1709,naderab01,Abdel Nader
1710,ntilila01,Frank Ntilikina
1711,onealro01,Royce O'Neale
1712,ojelese01,Semi Ojeleye
1713,osmande01,Cedi Osman
1714,paigema01,Marcus Paige
1715,pattoju01,Justin Patton
1716,paulbr01,Brandon Paul
1717,perralo01,London Perrantes
1718,peteral01,Alec Peters
1719,pulleja01,Jacob Pullen
1720,purviro01,Rodney Purvis
1721,qizh01,Zhou Qi
1722,rabbiv01,Ivan Rabb
1723,rathaxa01,Xavier Rathan-Mayes
1724,reedda01,Davon Reed
1725,robinde01,Devin Robinson
1726,simmobe01,Ben Simmons
1727,simmoko01,Kobi Simmons
1728,smithde03,Dennis Smith Jr.
1729,sumneed01,Edmond Sumner
1730,swanica01,Caleb Swanigan
1731,tatumja01,Jayson Tatum
1732,teodomi01,Miloš Teodosić
1733,theisda01,Daniel Theis
1734,thornsi01,Sindarius Thornwell
1735,wallaty01,Tyrone Wallace
1736,waltode01,Derrick Walton
1737,warneja01,Jameel Warney
1738,webbja01,James Webb III
1739,whitean01,Andrew White
1740,whitede01,Derrick White
1741,wileyja01,Jacob Wiley
1742,willicj01,C.J. Williams
1743,willima05,Matt Williams
1744,wilsodj01,D.J. Wilson
1745,wilsoja02,Jamil Wilson
1746,yabusgu01,Guerschon Yabusele
1747,zizican01,Ante Žižić
1748,adamsja01,Jaylen Adams
1749,adelde01,Deng Adel
1750,akoonde01,DeVaughn Akoon-Purcell
1751,alkinra01,Rawle Alkins
1752,allengr01,Grayson Allen
1753,antetko01,Kostas Antetokounmpo
1754,aytonde01,Deandre Ayton
1755,baglema01,Marvin Bagley III
1756,bambamo01,Mo Bamba
1757,bateske01,Keita Bates-Diop
1758,bertada02,Dairis Bertāns
1759,blossja01,Jaron Blossomgame
1760,boldejo01,Jonah Bolden
1761,bongais01,Isaac Bonga
1762,bridgmi01,Mikal Bridges
1763,bridgmi02,Miles Bridges
1764,briscis01,Isaiah Briscoe
1765,broekry01,Ryan Broekhoff
1766,brownbr01,Bruce Brown
1767,browntr01,Troy Brown Jr.
1768,brunsja01,Jalen Brunson
1769,burtode02,Deonte Burton
1770,carteje01,Jevon Carter
1771,cartewe01,Wendell Carter Jr.
1772,caupatr01,Troy Caupain
1773,chealjo01,Joe Chealey
1774,chiozch01,Chris Chiozza
1775,clarkga01,Gary Clark
1776,colsobo01,Bonzie Colson
1777,creekmi01,Mitch Creek
1778,davisty01,Tyler Davis
1779,delgaan01,Ángel Delgado
1780,derrima01,Marcus Derrickson
1781,diallha01,Hamidou Diallo
1782,divindo01,Donte DiVincenzo
1783,doncilu01,Luka Dončić
1784,duvaltr01,Trevon Duval
1785,edwarvi01,Vince Edwards
1786,eubandr01,Drew Eubanks
1787,evansja02,Jacob Evans
1788,frazime01,Melvin Frazier
1789,garrebi01,Billy Garrett
1790,gilesha01,Harry Giles
1791,gilgesh01,Shai Gilgeous-Alexander
1792,goodwbr01,Brandon Goodwin
1793,grahade01,Devonte' Graham
1794,grantdo01,Donte Grantham
1795,hannadu01,Dusty Hannahs
1796,harteis01,Isaiah Hartenstein
1797,highsha01,Haywood Highsmith
1798,holidaa01,Aaron Holiday
1799,huertke01,Kevin Huerter
1800,humphis01,Isaac Humphries
1801,hutchch01,Chandler Hutchison
1802,jacksfr01,Frank Jackson
1803,jacksja02,Jaren Jackson Jr.
1804,jeffeam01,Amile Jefferson
1805,johnsal02,Alize Johnson
1806,johnsbj01,B.J. Johnson
1807,jonesje01,Jemerrio Jones
1808,kingge03,George King
1809,knoxke01,Kevin Knox
1810,kurucro01,Rodions Kurucs
1811,loftoza01,Zach Lofton
1812,loydjo01,Jordan Loyd
1813,maconda01,Daryl Macon
1814,macurjp01,J.P. Macura
1815,matenya01,Yante Maten
1816,mccalta01,Tahjere McCall
1817,meltode01,De'Anthony Melton
1818,metuch01,Chimezie Metu
1819,miltosh01,Shake Milton
1820,musadz01,Džanan Musa
1821,mykhasv01,Svi Mykhailiuk
1822,okoboel01,Elie Okobo
1823,okogijo01,Josh Okogie
1824,pinsoth01,Theo Pinson
1825,reynoca01,Cameron Reynolds
1826,robindu01,Duncan Robinson
1827,robinje01,Jerome Robinson
1828,robinmi01,Mitchell Robinson
1829,sampsbr01,Brandon Sampson
1830,sextoco01,Collin Sexton
1831,shamela01,Landry Shamet
1832,siberjo01,Jordan Sibert
1833,simonan01,Anfernee Simons
1834,smithzh01,Zhaire Smith
1835,spaldra01,Ray Spalding
1836,spellom01,Omari Spellman
1837,terreja01,Jared Terrell
1838,terryem01,Emanuel Terry
1839,thomakh01,Khyri Thomas
1840,trentga02,Gary Trent Jr.
1841,trieral01,Allonzo Trier
1842,vandeja01,Jarred Vanderbilt
1843,wagnemo01,Moritz Wagner
1844,walkelo01,Lonnie Walker IV
1845,wanambr01,Brad Wanamaker
1846,washbju01,Julian Washburn
1847,watanyu01,Yuta Watanabe
1848,welshth01,Thomas Welsh
1849,willijo04,Johnathan Williams
1850,willike04,Kenrich Williams
1851,williro04,Robert Williams
1852,youngtr01,Trae Young
1853,alexaky01,Kyle Alexander
1854,alexani01,Nickeil Alexander-Walker
1855,barrerj01,RJ Barrett
1856,bazleda01,Darius Bazley
1857,bitadgo01,Goga Bitadze
1858,bolbo01,Bol Bol
1859,boldema01,Marques Bolden
1860,bonejo01,Jordan Bone
1861,bowenbr02,Brian Bowen
1862,bowmaky01,Ky Bowman
1863,brantja01,Jarrell Brantley
1864,brazdig01,Ignas Brazdeikis
1865,brissos01,Oshae Brissett
1866,brownch02,Charlie Brown Jr.
1867,brownmo01,Moses Brown
1868,cacokde01,Devontae Cacok
1869,cancavl01,Vlatko Čančar
1870,cheatzy01,Zylan Cheatham
1871,clarkbr01,Brandon Clarke
1872,claxtni01,Nic Claxton
1873,clemoch01,Chris Clemons
1874,coffeam01,Amir Coffey
1875,cookty01,Tyler Cook
1876,culveja01,Jarrett Culver
1877,daviste02,Terence Davis
1878,dortlu01,Luguentz Dort
1879,doumbse01,Sekou Doumbouya
1880,edwarca01,Carsen Edwards
1881,fallta01,Tacko Fall
1882,fernabr01,Bruno Fernando
1883,frazimi01,Michael Frazier
1884,gabriwe01,Wenyen Gabriel
1885,gaffoda01,Daniel Gafford
1886,garlada01,Darius Garland
1887,greenja02,Javonte Green
1888,gudurma01,Marko Guduric
1889,guyky01,Kyle Guy
1890,hachiru01,Rui Hachimura
1891,hallde01,Devon Hall
1892,halldo01,Donta Hall
1893,harpeja01,Jared Harper
1894,hayesja02,Jaxson Hayes
1895,hernade01,Dewan Hernandez
1896,herroty01,Tyler Herro
1897,herveke01,Kevin Hervey
1898,hoardja01,Jaylen Hoard
1899,hortota01,Talen Horton-Tucker
1900,howarwi01,William Howard
1901,huntede01,De'Andre Hunter
1902,jamesju01,Justin James
1903,jeffrda01,DaQuan Jeffries
1904,jeromty01,Ty Jerome
1905,johnsca02,Cameron Johnson
1906,johnske04,Keldon Johnson
1907,kabenmf01,Mfiondu Kabengele
1908,kiddst01,Stanton Kidd
1909,kinglo02,Louis King
1910,konchjo01,John Konchar
1911,langfro01,Romeo Langford
1912,lawvi01,Vic Law
1913,lecquja01,Jalen Lecque
1914,littlna01,Nassir Little
1915,mannte01,Terance Mann
1916,martica02,Caleb Martin
1917,martico01,Cody Martin
1918,martije02,Jeremiah Martin
1919,martike03,Kelan Martin
1920,mathega01,Garrison Mathews
1921,mcdanja01,Jalen McDaniels
1922,mclaujo01,Jordan McLaughlin
1923,mellini01,Nicolò Melli
1924,mikaer01,Eric Mika
1925,mokokad01,Adam Mokoka
1926,moonema01,Matt Mooney
1927,moranja01,Ja Morant
1928,morgaju01,Juwan Morgan
1929,muldemy01,Mychal Mulder
1930,newmama01,Malik Newman
1931,norveza01,Zach Norvell
1932,nowelja01,Jaylen Nowell
1933,nunnke01,Kendrick Nunn
1934,okpalkz01,KZ Okpala
1935,onimi01,Miye Oni
1936,owensta01,Tariq Owens
1937,pascher01,Eric Paschall
1938,pasecan01,Anžejs Pasečņiks
1939,pelleno01,Norvel Pelle
1940,poirivi01,Vincent Poirier
1941,pondssh01,Shamorie Ponds
1942,poolejo01,Jordan Poole
1943,porteke02,Kevin Porter Jr.
1944,portemi01,Michael Porter Jr.
1945,reavejo02,Josh Reaves
1946,reddica01,Cam Reddish
1947,reidna01,Naz Reid
1948,robinju01,Justin Robinson
1949,robyis01,Isaiah Roby
1950,samanlu01,Luka Šamanić
1951,schofad01,Admiral Schofield
1952,shayoma01,Marial Shayok
1953,silvach01,Chris Silva
1954,smailal01,Alen Smailagić
1955,strusma01,Max Strus
1956,thomama02,Matt Thomas
1957,thybuma01,Matisse Thybulle
1958,toscaju01,Juan Toscano-Anderson
1959,tuckera01,Rayjon Tucker
1960,vincega01,Gabe Vincent
1961,wadede01,Dean Wade
1962,washipj01,P.J. Washington
1963,watertr01,Tremont Waters
1964,watsopa01,Paul Watson
1965,weathqu01,Quinndary Weatherspoon
1966,whiteco01,Coby White
1967,willigr01,Grant Williams
1968,willini01,Nigel Williams-Goss
1969,willizi01,Zion Williamson
1970,wrighju02,Justin Wright-Foreman
1971,achiupr01,Precious Achiuwa
1972,alexaty01,Ty-Shon Alexander
1973,anthoco01,Cole Anthony
1974,avdijde01,Deni Avdija
1975,azubuud01,Udoka Azubuike
1976,ballla01,LaMelo Ball
1977,banede01,Desmond Bane
1978,beysa01,Saddiq Bey
1979,beyty01,Tyler Bey
1980,blevike01,Keljin Blevins
1981,brimaam01,Amida Brimah
1982,brookar01,Armoni Brooks
1983,bryanel01,Elijah Bryant
1984,campafa01,Facundo Campazzo
1985,cannade01,Devin Cannady
1986,careyve01,Vernon Carey Jr.
1987,darlina01,Nate Darling
1988,deckga01,Gabriel Deck
1989,diakima01,Mamadi Diakite
1990,dotsode01,Devon Dotson
1991,edwaran01,Anthony Edwards
1992,ellebcj01,CJ Elleby
1993,fittsma01,Malik Fitts
1994,flynnma01,Malachi Flynn
1995,forretr01,Trent Forrest
1996,frankro01,Robert Franks
1997,gillan01,Anthony Gill
1998,gillefr01,Freddie Gillespie
1999,greenjo02,Josh Green
2000,haganas01,Ashton Hagans
2001,halibty01,Tyrese Haliburton
2002,halljo01,Josh Hall
2003,hamptrj01,R.J. Hampton
2004,harrija01,Jalen Harris
2005,hayeski01,Killian Hayes
2006,hintona01,Nate Hinton
2007,howarma02,Markus Howard
2008,hugheel01,Elijah Hughes
2009,joeis01,Isaiah Joe
2010,jonesma05,Mason Jones
2011,jonestr01,Tre Jones
2012,knighna01,Nathan Knight
2013,lamban01,Anthony Lamb
2014,leesa01,Saben Lee
2015,lewiski01,Kira Lewis Jr.
2016,louzama01,Didi Louzada
2017,magnawi01,Will Magnay
2018,maledth01,Théo Maledon
2019,maneka01,Karim Mané
2020,mannini01,Nico Mannion
2021,marshna01,Naji Marshall
2022,martike04,Kenyon Martin Jr.
2023,mathida01,Dakota Mathias
2024,maxeyty01,Tyrese Maxey
2025,mayssk01,Skylar Mays
2026,mcdanja02,Jaden McDaniels
2027,mcderse01,Sean McDermott
2028,merrisa01,Sam Merrill
2029,nesmiaa01,Aaron Nesmith
2030,nnajize01,Zeke Nnaji
2031,nworajo01,Jordan Nwora
2032,okekech01,Chuma Okeke
2033,okongon01,Onyeka Okongwu
2034,okorois01,Isaac Okoro
2035,oliveca01,Cameron Oliver
2036,oturuda01,Daniel Oturu
2037,perryre01,Reggie Perry
2038,pokusal01,Aleksej Pokusevski
2039,portejo01,Jontay Porter
2040,pritcpa01,Payton Pritchard
2041,quickim01,Immanuel Quickley
2042,ramseja01,Jahmi'us Ramsey
2043,reedpa01,Paul Reed
2044,richani01,Nick Richards
2045,rillegr01,Grant Riller
2046,scrubja01,Jay Scrubb
2047,sirvyde01,Deividas Sirvydis
2048,smithja04,Jalen Smith
2049,stanlca01,Cassius Stanley
2050,stevela01,Lamar Stevens
2051,stewais01,Isaiah Stewart
2052,tateja01,Jae'Sean Tate
2053,terryty01,Tyrell Terry
2054,thomabr01,Brodric Thomas
2055,tilliki02,Killian Tillie
2056,tillmxa01,Xavier Tillman Sr.
2057,toppiob01,Obi Toppin
2058,vassede01,Devin Vassell
2059,whittgr01,Greg Whittington
2060,willipa01,Patrick Williams
2061,windldy01,Dylan Windler
2062,winstca01,Cassius Winston
2063,wisemja01,James Wiseman
2064,woodaro01,Robert Woodard II
2065,aldamsa01,Santi Aldama
2066,alvarjo01,Jose Alvarado
2067,ayayijo01,Joel Ayayi
2068,bantoda01,Dalano Banton
2069,barbeca01,Cat Barber
2070,barnesc01,Scottie Barnes
2071,basspa01,Paris Bass
2072,bassech01,Charles Bassey
2073,bolmale01,Leandro Bolmaro
2074,bostobr01,Brandon Boston Jr.
2075,bouknja01,James Bouknight
2076,brownch05,Chaundee Brown Jr.
2077,browngr01,Greg Brown III
2078,buchash01,Shaq Buchanan
2079,butleja02,Jared Butler
2080,caverah01,Ahmad Caver
2081,champju01,Justin Champagnie
2082,chrisjo01,Josh Christopher
2083,coopesh01,Sharife Cooper
2084,cornepe01,Petr Cornelie
2085,cumbeja01,Jarron Cumberland
2086,cunnica01,Cade Cunningham
2087,delauja01,Javin DeLaurier
2088,dosunay01,Ayo Dosunmu
2089,dowtije01,Jeff Dowtin
2090,duartch01,Chris Duarte
2091,dukeda01,David Duke Jr.
2092,echenja01,Jaime Echenique
2093,edwarke02,Kessler Edwards
2094,edwarro01,Rob Edwards
2095,fordal03,Aleem Ford
2096,garrema01,Marcus Garrett
2097,garubus01,Usman Garuba
2098,garzalu01,Luka Garza
2099,giddejo01,Josh Giddey
2100,goodwjo01,Jordan Goodwin
2101,graveha01,Hassani Gravett
2102,greenja05,Jalen Green
2103,grimequ01,Quentin Grimes
2104,hallty01,Tyler Hall
2105,hausesa01,Sam Hauser
2106,henryaa01,Aaron Henry
2107,hillma01,Malcolm Hill
2108,huffja01,Jay Huff
2109,huntfe01,Feron Hunt
2110,hylanbo01,Bones Hyland
2111,jacksis01,Isaiah Jackson
2112,jarrede01,DeJon Jarreau
2113,johnsda08,David Johnson
2114,johnsja05,Jalen Johnson
2115,johnske07,Keon Johnson
2116,jonesca03,Carlik Jones
2117,joneshe01,Herbert Jones
2118,joneska01,Kai Jones
2119,kalaige01,Georgios Kalaitzakis
2120,keybr01,Braxton Key
2121,kispeco01,Corey Kispert
2122,krejcvi01,Vit Krejci
2123,kulboar01,Arnoldas Kulboka
2124,kuminjo01,Jonathan Kuminga
2125,landajo01,Jock Landale
2126,lewissc01,Scottie Lewis
2127,liveris01,Isaiah Livers
2128,lundbga01,Gabriel Lundberg
2129,mamuksa01,Sandro Mamukelashvili
2130,manntr01,Tre Mann
2131,mcbrimi01,Miles McBride
2132,mccluma01,Mac McClung
2133,mcgrica01,Cameron McGriff
2134,mclauja01,JaQuori McLaughlin
2135,mitchda01,Davion Mitchell
2136,mobleev01,Evan Mobley
2137,moodymo01,Moses Moody
2138,moonxa01,Xavier Moon
2139,murkead01,Ade Murkey
2140,murphtr02,Trey Murphy III
2141,nembhrj01,RJ Nembhard Jr.
2142,nixda01,Daishen Nix
2143,omorueu01,Eugene Omoruyi
2144,paigeja01,Jaysean Paige
2145,palmetr01,Trayvon Palmer
2146,pangoke01,Kevin Pangos
2147,pickeja01,Jamorko Pickett
2148,ponsyv01,Yves Pons
2149,pottemi01,Micah Potter
2150,powelmy01,Myles Powell
2151,primojo01,Joshua Primo
2152,queentr01,Trevelin Queen
2153,quetane01,Neemias Queta
2154,reaveau01,Austin Reaves
2155,robinje02,Jeremiah Robinson-Earl
2156,ryanma01,Matt Ryan
2157,sarrol01,Olivier Sarr
2158,schakjo01,Jordan Schakel
2159,scotttr01,Tre Scott
2160,sengual01,Alperen Şengün
2161,sharpda01,Day'Ron Sharpe
2162,simonma01,Marko Simonovic
2163,simpsza01,Zavier Simpson
2164,simsje01,Jericho Sims
2165,smartja01,Javonte Smart
2166,sneedxa01,Xavier Sneed
2167,sprinja01,Jaden Springer
2168,suggsja01,Jalen Suggs
2169,swordcr01,Craig Sword
2170,sykeske01,Keifer Sykes
2171,taylote01,Terry Taylor
2172,teskejo01,Jon Teske
2173,thomaca02,Cam Thomas
2174,thorjt01,JT Thor
2175,toddis01,Isaiah Todd
2176,wagnefr01,Franz Wagner
2177,wainris01,Ish Wainright
2178,walkemj01,M.J. Walker
2179,washidu02,Duane Washington Jr.
2180,waterli01,Lindy Waters III
2181,watfotr01,Trendon Watford
2182,wieskjo01,Joe Wieskamp
2183,wiggiaa01,Aaron Wiggins
2184,wiggili01,Lindell Wigginton
2185,willibr03,Brandon Williams
2186,willizi02,Ziaire Williams
2187,wrighmc01,McKinley Wright IV
2188,wrighmo01,Moses Wright
2189,yorkga01,Gabe York
2190,yurtsom01,Omer Yurtseven
2191,agbajoc01,Ochai Agbaji
2192,baldwpa01,Patrick Baldwin Jr.
2193,banchpa01,Paolo Banchero
2194,barlodo01,Dominick Barlow
2195,beaucma01,MarJon Beauchamp
2196,boehebu01,Buddy Boeheim
2197,bouyeja01,Jamaree Bouyea
2198,branhma01,Malaki Branham
2199,braunch01,Christian Braun
2200,brownke03,Kendall Brown
2201,butlejo01,John Butler
2202,cainja01,Jamal Cain
2203,champju02,Julian Champagnie
2204,chandke01,Kennedy Chandler
2205,chrisma02,Max Christie
2206,comanch01,Chance Comanche
2207,cooksxa01,Xavier Cooks
2208,daniedy01,Dyson Daniels
2209,davisjo06,Johnny Davis
2210,davisjd01,JD Davison
2211,daysda01,Darius Days
2212,diabamo01,Moussa Diabaté
2213,diengou01,Ousmane Dieng
2214,durenja01,Jalen Duren
2215,easonta01,Tari Eason
2216,elliske01,Keon Ellis
2217,fontesi01,Simone Fontecchio
2218,fostemi02,Michael Foster Jr.
2219,gilyaja01,Jacob Gilyard
2220,grayra01,RaiQuan Gray
2221,greenaj01,A.J. Green
2222,griffaj01,AJ Griffin
2223,halljo02,Jordan Hall
2224,hardyja02,Jaden Hardy
2225,harpero02,Ron Harper Jr.
2226,harrike01,Kevon Harris
2227,houstca01,Caleb Houstan
2228,hudgitr01,Trevor Hudgins
2229,iveyja01,Jaden Ivey
2230,jacksqu01,Quenton Jackson
2231,jovicni01,Nikola Jović
2232,juzanjo01,Johnny Juzang
2233,keelstr01,Trevor Keels
2234,kesslwa01,Walker Kessler
2235,kolokch01,Christian Koloko
2236,laravja01,Jake LaRavia
2237,lawsoaj01,A.J. Lawson
2238,loftoke01,Kenneth Lofton Jr.
2239,martity01,Tyrese Martin
2240,mathube01,Bennedict Mathurin
2241,mcgowbr01,Bryce McGowens
2242,minayju01,Justin Minaya
2243,minotjo01,Josh Minott
2244,mobleis01,Isaiah Mobley
2245,monekch01,Chima Moneke
2246,moorewe01,Wendell Moore Jr.
2247,murrake02,Keegan Murray
2248,nembhan01,Andrew Nembhard
2249,pippesc02,Scotty Pippen Jr.
2250,prestja01,Jason Preston
2251,quinole01,Lester Quinones
2252,rhodeja01,Jared Rhoden
2253,robinor01,Orlando Robinson
2254,roddyda01,David Roddy
2255,rolliry01,Ryan Rollins
2256,seabrde01,Dereon Seabron
2257,sharpsh01,Shaedon Sharpe
2258,smithdr01,Dru Smith
2259,smithja05,Jabari Smith Jr.
2260,sochaje01,Jeremy Sochan
2261,swideco01,Cole Swider
2262,terryda01,Dalen Terry
2263,umudest01,Stanley Umude
2264,walkeja01,Jabari Walker
2265,washity02,TyTy Washington Jr.
2266,watsope01,Peyton Watson
2267,weslebl01,Blake Wesley
2268,whiteja03,Jack White
2269,willial06,Alondes Williams
2270,willido02,Donovan Williams
2271,willija06,Jalen Williams
2272,willija07,Jaylin Williams
2273,willije02,Jeenathan Williams
2274,willima07,Mark Williams
2275,willivi01,Vince Williams Jr.
