ID,player
abdulma02,Mahmoud Abdul-Rauf
abdulta01,Tariq Abdul-Wahad
abdursh01,Shareef Abdur-Rahim
alexaco01,Cory Alexander
alexaco02,Courtney Alexander
allenra02,Ray Allen
alstora01,Rafer Alston
amaecjo01,John Amaechi
anderde01,Derek Anderson
anderke01,Kenny Anderson
anderni01,Nick Anderson
andersh01,Shandon Anderson
anthogr01,Greg Anthony
armstda01,Darrell Armstrong
atkinch01,Chucky Atkins
augmost01,Stacey Augmon
austiis01,Isaac Austin
averywi01,William Avery
bagarda01,Dalibor Bagarić
bakervi01,Vin Baker
barkler01,Erick Barkley
barroda01,Dana Barros
barrybr01,Brent Barry
barryjo01,Jon Barry
battito01,Tony Battie
bellra01,Raja Bell
bendejo01,Jonathan Bender
benjaco01,Corey Benjamin
benoida01,David Benoit
besttr01,Travis Best
bibbymi01,Mike Bibby
billuch01,Chauncey Billups
blaylmo01,Mookie Blaylock
blounco01,Corie Blount
blounma01,Mark Blount
boguemu01,Muggsy Bogues
bohanet01,Etdrick Bohannon
boothca01,Calvin Booth
bowdlca01,Cal Bowdler
bowenbr01,Bruce Bowen
bowenry01,Ryan Bowen
bowmair01,Ira Bowman
boykiea01,Earl Boykins
bradlsh01,Shawn Bradley
brandel01,Elton Brand
brandte01,Terrell Brandon
brownch01,Chucky Brown
brownde01,Dee Brown
brownpj01,P.J. Brown
brownra02,Randy Brown
brunsri01,Rick Brunson
bryanko01,Kobe Bryant
bryanma01,Mark Bryant
buckngr01,Greg Buckner
buechju01,Jud Buechler
buforro01,Rodney Buford
bullama01,Matt Bullard
burresc01,Scott Burrell
caffeja01,Jason Caffey
cambyma01,Marcus Camby
campbel01,Elden Campbell
cardibr01,Brian Cardinal
carrch01,Chris Carr
cartean01,Anthony Carter
cartevi01,Vince Carter
cassesa01,Sam Cassell
catoke01,Kelvin Cato
causwdu01,Duane Causwell
cebalce01,Cedric Ceballos
cheanca01,Calbert Cheaney
childch01,Chris Childs
chrisdo01,Doug Christie
clarkke01,Keon Clark
cleavma01,Mateen Cleaves
cokerjo01,John Coker
colemde01,Derrick Coleman
colesbi01,Bimbo Coles
collija02,Jason Collier
colsose01,Sean Colson
corbity01,Tyrone Corbin
crawfch01,Chris Crawford
crawfja01,Jamal Crawford
croshau01,Austin Croshere
crottjo01,John Crotty
cummivo01,Vonteego Cummings
curlebi01,Bill Curley
curryde01,Dell Curry
currymi01,Michael Curry
dampier01,Erick Dampier
daniean01,Antonio Daniels
davidko01,Kornél Dávid
davisan01,Antonio Davis
davisba01,Baron Davis
davisda01,Dale Davis
davisem01,Emanual Davis
davishu01,Hubert Davis
davisri01,Ricky Davis
daviste01,Terry Davis
dayto01,Todd Day
declean01,Andrew DeClercq
delnevi01,Vinny Del Negro
delkto01,Tony Delk
dialde01,Derrick Dial
dickemi01,Michael Dickerson
divacvl01,Vlade Divac
doleami01,Michael Doleac
doolike01,Keyon Dooling
douglsh01,Sherman Douglas
drewbr01,Bryce Drew
dudlech02,Chris Dudley
duncati01,Tim Duncan
edneyty01,Tyus Edney
edwarke01,Kevin Edwards
eisleho01,Howard Eisley
ekeziob01,Obinna Ekezie
elamikh01,Khalid El-Amin
eliema01,Mario Elie
elliose01,Sean Elliott
ellisla01,LaPhonso Ellis
ellispe01,Pervis Ellison
eschmev01,Evan Eschmeyer
ewingpa01,Patrick Ewing
feickja01,Jamie Feick
ferryda01,Danny Ferry
finlemi01,Michael Finley
fishede01,Derek Fisher
fizerma01,Marcus Fizer
fortsda01,Danny Fortson
fostegr01,Greg Foster
fosteje01,Jeff Foster
foxri01,Rick Fox
foylead01,Adonal Foyle
francst01,Steve Francis
fulleto02,Todd Fuller
fundela01,Lawrence Funderburke
garceru01,Rubén Garcés
garnech01,Chris Garner
garneke01,Kevin Garnett
garrede01,Dean Garrett
garripa01,Pat Garrity
gatlich01,Chris Gatling
geigema01,Matt Geiger
georgde01,Devean George
gilled01,Eddie Gill
gillke01,Kendall Gill
glovedi01,Dion Glover
goldwan01,Anthony Goldwire
goodrst01,Steve Goodrich
grantbr01,Brian Grant
grantga01,Gary Grant
grantho01,Horace Grant
greenac01,A.C. Green
griffad01,Adrian Griffin
guglito01,Tom Gugliotta
guytoaj01,A.J. Guyton
hamda01,Darvin Ham
hamilri01,Richard Hamilton
hamilze01,Zendon Hamilton
hammoto01,Tom Hammonds
hardaan01,Anfernee Hardaway
hardati01,Tim Hardaway
harpero01,Ron Harper
harprma01,Matt Harpring
harrial01,Al Harrington
harriot01,Othella Harrington
harrilu01,Lucious Harris
hartja01,Jason Hart
harvean01,Antonio Harvey
harvedo01,Donnell Harvey
hawkihe01,Hersey Hawkins
hawkimi01,Michael Hawkins
hendeal01,Alan Henderson
hendece02,Cedric Henderson
herrech01,Chris Herren
hillgr01,Grant Hill
hillty01,Tyrone Hill
hoibefr01,Fred Hoiberg
horryro01,Robert Horry
houseed01,Eddie House
houstal01,Allan Houston
howarju01,Juwan Howard
hudsotr01,Troy Hudson
hughela01,Larry Hughes
hunteli01,Lindsey Hunter
ilgauzy01,Zydrunas Ilgauskas
iversal01,Allen Iverson
jacksbo01,Bobby Jackson
jacksja01,Jaren Jackson
jacksji01,Jim Jackson
jacksma02,Marc Jackson
jacksma01,Mark Jackson
jacksst02,Stephen Jackson
jacobsa01,Sam Jacobson
jamesti01,Tim James
jamisan01,Antawn Jamison
johnsan02,Anthony Johnson
johnsav01,Avery Johnson
johnsde03,DerMarr Johnson
johnser02,Ervin Johnson
johnsla02,Larry Johnson
jonesda01,Damon Jones
jonesed02,Eddie Jones
jonesju01,Jumaine Jones
jonespo01,Popeye Jones
josepga01,Garth Joseph
keefead01,Adam Keefe
kempsh01,Shawn Kemp
kerrst01,Steve Kerr
kerseje01,Jerome Kersey
ketnela01,Lari Ketner
kiddja01,Jason Kidd
kingge02,Gerard King
knighbr01,Brevin Knight
knightr01,Travis Knight
kukocto01,Toni Kukoč
laettch01,Christian Laettner
lafrera01,Raef LaFrentz
langdtr01,Trajan Langdon
langhda01,Dan Langhi
lenarvo01,Voshon Lenard
lewisqu01,Quincy Lewis
lewisra02,Rashard Lewis
livinra01,Randy Livingston
longar01,Art Long
longgr01,Grant Long
longllu01,Luc Longley
lopezfe01,Felipe López
luety01,Tyronn Lue
lynchge01,George Lynch
maccuto01,Todd MacCulloch
macledo01,Don MacLean
madsema01,Mark Madsen
maggeco01,Corey Maggette
magloja01,Jamaal Magloire
majerda01,Dan Majerle
malonka01,Karl Malone
malonma01,Matt Maloney
mannida01,Danny Manning
marbust01,Stephon Marbury
mariosh01,Shawn Marion
marshdo01,Donyell Marshall
martida01,Darrick Martin
martike01,Kenyon Martin
mashbja01,Jamal Mashburn
masonan01,Anthony Mason
masonde01,Desmond Mason
masseto01,Tony Massenburg
maxweve01,Vernon Maxwell
mccarwa01,Walter McCarty
mcclida01,Dan McClintock
mccloge01,George McCloud
mccoyje01,Jelani McCoy
mcdyean01,Antonio McDyess
mcgratr01,Tracy McGrady
mcilvji01,Jim McIlvaine
mcinnje01,Jeff McInnis
mckeyde01,Derrick McKey
mckieaa01,Aaron McKie
mcleoro01,Roshown McLeod
mcphepa01,Paul McPherson
medvest01,Stanislav Medvedenko
mercero01,Ron Mercer
mihmch01,Chris Mihm
milesda01,Darius Miles
millean02,Andre Miller
millean01,Anthony Miller
millebr01,Brad Miller
millemi01,Mike Miller
millere01,Reggie Miller
millsch01,Chris Mills
millste01,Terry Mills
mitchsa01,Sam Mitchell
moblecu01,Cuttino Mobley
mohamna01,Nazr Mohammed
moisoje01,Jérôme Moïso
montrer01,Eric Montross
mooremi01,Mikki Moore
mottoha01,Hanno Möttölä
mournal01,Alonzo Mourning
mullich01,Chris Mullin
murrala01,Lamond Murray
murratr01,Tracy Murray
mutomdi01,Dikembe Mutombo
ndiayma02,Mamadou N'Diaye
nailole01,Lee Nailon
najered01,Eduardo Nájera
nashst01,Steve Nash
nesbyty01,Tyrone Nesby
nestera01,Rasho Nesterović
newblir01,Ira Newble
newmajo01,Johnny Newman
norrimo01,Moochie Norris
nowitdi01,Dirk Nowitzki
onealje01,Jermaine O'Neal
onealsh01,Shaquille O'Neal
oaklech01,Charles Oakley
odomla01,Lamar Odom
olajuha01,Hakeem Olajuwon
ollieke01,Kevin Ollie
olowomi01,Michael Olowokandi
ostergr01,Greg Ostertag
outlabo01,Bo Outlaw
overtdo01,Doug Overton
owensbi01,Billy Owens
oyedeol01,Olumide Oyedeji
packro01,Robert Pack
padgesc01,Scott Padgett
palacmi01,Milt Palacio
pankoan01,Andy Panko
parksch02,Cherokee Parks
patteru01,Ruben Patterson
paytoga01,Gary Payton
peelean01,Anthony Peeler
penbemi01,Mike Penberthy
perduwi01,Will Perdue
perkisa01,Sam Perkins
perryel01,Elliot Perry
persowe01,Wesley Person
petermo01,Morris Peterson
piatker01,Eric Piatkowski
piercpa01,Paul Pierce
pippesc01,Scottie Pippen
pollasc01,Scot Pollard
polynol01,Olden Polynice
popema01,Mark Pope
portech01,Chris Porter
portete01,Terry Porter
poseyja01,James Posey
postela01,Lavor Postell
potapvi01,Vitaly Potapenko
pricebr01,Brent Price
profila01,Laron Profit
przybjo01,Joel Przybilla
ratlith01,Theo Ratliff
recasel01,Eldridge Recasner
reddmi01,Michael Redd
reevebr01,Bryant Reeves
reiddo01,Don Reid
reidjr01,J.R. Reid
ricegl01,Glen Rice
richaqu01,Quentin Richardson
richmmi01,Mitch Richmond
rideris01,Isaiah Rider
roberte01,Terrance Roberson
robincl02,Clifford Robinson
robinda01,David Robinson
robined01,Eddie Robinson
robingl01,Glenn Robinson
robinja03,Jamal Robinson
robinja02,James Robinson
robinla01,Larry Robinson
rogerca01,Carlos Rogers
rogerro01,Rodney Rogers
rooksse01,Sean Rooks
roseja01,Jalen Rose
rosema01,Malik Rose
ruffimi01,Michael Ruffin
russebr01,Bryon Russell
sabonar01,Arvydas Sabonis
samakso01,Soumaila Samake
sanchpe01,Pepe Sánchez
santida01,Daniel Santiago
schrede01,Detlef Schrempf
scottsh01,Shawnelle Scott
shawbr01,Brian Shaw
skinnbr01,Brian Skinner
slatere01,Reggie Slater
smithja01,Jabari Smith
smithjo02,Joe Smith
smithmi02,Michael Smith
smithmi03,Mike Smith
smithst01,Steve Smith
smithto02,Tony Smith
snower01,Eric Snow
spencfe01,Felton Spencer
sprewla01,Latrell Sprewell
stackje01,Jerry Stackhouse
starkjo01,John Starks
stepavl01,Vladimir Stepania
stevede01,DeShawn Stevenson
stewami01,Michael Stewart
stithbr01,Bryant Stith
stockjo01,John Stockton
stojape01,Peja Stojaković
stoudda01,Damon Stoudamire
stricer01,Erick Strickland
stricma01,Mark Strickland
stricro02,Rod Strickland
stronde01,Derek Strong
sundobr01,Bruno Šundov
surabo01,Bob Sura
swiftst01,Stromile Swift
szczewa02,Wally Szczerbiak
tabakza01,Žan Tabak
tarladr01,Dragan Tarlać
tayloma01,Maurice Taylor
terryja01,Jason Terry
thomaja01,Jamel Thomas
thomake01,Kenny Thomas
thomaku01,Kurt Thomas
thomati01,Tim Thomas
thorpot01,Otis Thorpe
traylro01,Robert Traylor
trentga01,Gary Trent
tsakaja01,Jake Tsakalidis
turkohe01,Hedo Türkoğlu
vanexni01,Nick Van Exel
vanhoke01,Keith Van Horn
vanteda01,David Vanterpool
vaughja01,Jacque Vaughn
vaughlo01,Loy Vaught
voskuja01,Jake Voskuhl
walkean02,Antoine Walker
walkesa01,Samaki Walker
wallabe01,Ben Wallace
wallajo01,John Wallace
wallara01,Rasheed Wallace
wardch01,Charlie Ward
weathcl01,Clarence Weatherspoon
webbech01,Chris Webber
wellsbo01,Bonzi Wells
wesleda01,David Wesley
westdo01,Doug West
whiteja01,Jahidi White
whitnch01,Chris Whitney
williaa01,Aaron Williams
willial02,Alvin Williams
willier01,Eric Williams
willija02,Jason Williams
willije01,Jerome Williams
willimo01,Monty Williams
willisc01,Scott Williams
willish01,Shammond Williams
williwa02,Walt Williams
willico02,Corliss Williamson
willike02,Kevin Willis
wingada01,David Wingate
wolkoru01,Rubén Wolkowyski
artesro01,Metta World Peace
wrighlo02,Lorenzen Wright
zhizhwa01,Wang Zhizhi
alexavi01,Victor Alexander
allenma01,Malik Allen
anderch01,Chris Andersen
arenagi01,Gilbert Arenas
armstbr01,Brandon Armstrong
arroyca01,Carlos Arroyo
bateeme01,Mengke Bateer
battish01,Shane Battier
bellch01,Charlie Bell
boumtru01,Ruben Boumtje-Boumtje
bradlmi01,Michael Bradley
breweja01,Jamison Brewer
brezepr01,Primož Brezec
brownda02,Damone Brown
browner01,Ernest Brown
brownke01,Kedrick Brown
brownkw01,Kwame Brown
brownti01,Tierre Brown
butlemi02,Mitchell Butler
chandty01,Tyson Chandler
claxtsp01,Speedy Claxton
collija03,Jarron Collins
collija04,Jason Collins
crispjo01,Joe Crispin
curryed01,Eddy Curry
dalemsa01,Samuel Dalembert
diopde01,DeSagana Diop
drobnpr01,Predrag Drobnjak
evansma01,Maurice Evans
fontais01,Isaac Fontaine
fordal02,Alton Ford
fortejo01,Joseph Forte
fotsian01,Antonis Fotsis
fowlktr01,Tremaine Fowlkes
gasolpa01,Pau Gasol
griffed01,Eddie Griffin
hamilta01,Tang Hamilton
hassetr01,Trenton Hassell
hastoki01,Kirk Haston
haywobr01,Brendan Haywood
huntest01,Steven Hunter
jacksje01,Jermaine Jackson
jamesje01,Jerome James
jamesmi01,Mike James
jamisha01,Harold Jamison
jefferi01,Richard Jefferson
johnsjo02,Joe Johnson
jonesal01,Alvin Jones
jordami01,Michael Jordan
kirilan01,Andrei Kirilenko
kittlke01,Kerry Kittles
larueru01,Rusty LaRue
macksa01,Sam Mack
marksse01,Sean Marks
marshdo02,Donny Marshall
mccasam01,Amal McCaskill
morrite01,Terence Morris
murphtr01,Troy Murphy
olivede01,Dean Oliver
parketo01,Tony Parker
radmavl01,Vladimir Radmanović
randoza01,Zach Randolph
rebraze01,Željko Rebrača
richaja01,Jason Richardson
richano01,Norm Richardson
sasseje01,Jeryl Sasser
satteke01,Kenny Satterfield
scalabr01,Brian Scalabrine
sesayan01,Ansu Sesay
simmobo01,Bobby Simmons
simpkdi01,Dickey Simpkins
smithch04,Charles Smith
smithle01,Leon Smith
solomwi01,Will Solomon
thomaet01,Etan Thomas
tinslja01,Jamaal Tinsley
torreos01,Óscar Torres
trepaje01,Jeff Trepagnier
vardara01,Ratko Varda
wallage01,Gerald Wallace
watsoea01,Earl Watson
whitero02,Rodney White
woodslo01,Loren Woods
archiro01,Robert Archibald
bastoma01,Maceo Baston
batismi01,Mike Batiste
baxtelo01,Lonny Baxter
boozeca01,Carlos Boozer
bremejr01,J.R. Bremer
brownde02,Devin Brown
burkepa01,Pat Burke
butleca01,Caron Butler
butlera01,Rasual Butler
dickada01,Dan Dickau
dixonju01,Juan Dixon
dunlemi02,Mike Dunleavy
elyme01,Melvin Ely
evansre01,Reggie Evans
gadzuda01,Dan Gadzuric
ginobma01,Manu Ginóbili
giricgo01,Gordan Giriček
goodedr01,Drew Gooden
haislma01,Marcus Haislip
harriad01,Adam Harrington
harriju01,Junior Harrington
hawkiju01,Juaquin Hawkins
hilarne01,Nenê
huffmna01,Nate Huffman
humphry01,Ryan Humphrey
jacobca01,Casey Jacobsen
jaricma01,Marko Jarić
jeffech01,Chris Jefferies
jeffrja01,Jared Jeffries
johnske03,Ken Johnson
jonesfr01,Fred Jones
lamplse01,Sean Lampley
maddoti01,Tito Maddox
masonro01,Roger Mason
mingya01,Yao Ming
murraro01,Ronald Murray
nachbbo01,Boštjan Nachbar
okurme01,Mehmet Okur
owensch01,Chris Owens
pargoja01,Jannero Pargo
parkesm01,Smush Parker
princta01,Tayshaun Prince
rakocig01,Igor Rakočević
rentzef01,Efthimios Rentzias
rigauan01,Antoine Rigaudeau
ruckegu01,Guy Rucker
rushka01,Kareem Rush
salmojo01,John Salmons
sampsja01,Jamal Sampson
savovpr01,Predrag Savović
shirlpa01,Paul Shirley
slayta01,Tamar Slay
stoudam01,Amar'e Stoudemire
trybace01,Cezary Trybański
tskitni01,Nikoloz Tskitishvili
wagneda02,Dajuan Wagner
welscji01,Jiří Welsch
wilcoch01,Chris Wilcox
wilksmi01,Mike Wilks
willibr01,Brandon Williams
willifr02,Frank Williams
willija03,Jay Williams
woodsqy01,Qyntel Woods
yarbrvi01,Vincent Yarbrough
anthoca01,Carmelo Anthony
banksma01,Marcus Banks
barbole01,Leandro Barbosa
barnema02,Matt Barnes
beaslje01,Jerome Beasley
belltr01,Troy Bell
blakest01,Steve Blake
boganke01,Keith Bogans
borchcu01,Curtis Borchardt
boshch01,Chris Bosh
braggto01,Torraye Braggs
cabarza01,Žarko Čabarkapa
carroma01,Matt Carroll
cartema01,Maurice Carter
cookbr01,Brian Cook
cookom01,Omar Cook
daniema01,Marquis Daniels
davisjo02,Josh Davis
diawbo01,Boris Diaw
dickeka01,Kaniel Dickens
duprero01,Ronald Dupree
ebind01,Ndudi Ebi
elsonfr01,Francisco Elson
fergude01,Desmond Ferguson
fordtj01,T.J. Ford
frahmri01,Richie Frahm
fullehi01,Hiram Fuller
gainere01,Reece Gaines
garcial01,Alex Garcia
grantpa01,Paul Grant
greenwi01,Willie Green
handlbe01,Ben Handlogten
hansetr01,Travis Hansen
hasleud01,Udonis Haslem
hayesja01,Jarvis Hayes
healsh01,Shane Heal
hinriki01,Kirk Hinrich
howarjo01,Josh Howard
huntebr01,Brandon Hunter
jamesle01,LeBron James
johnsbr01,Britton Johnsen
johnsli01,Linton Johnson
jonesda02,Dahntay Jones
jonesja02,James Jones
kamanch01,Chris Kaman
kaponja01,Jason Kapono
korveky01,Kyle Korver
lampema01,Maciej Lampe
lopezra01,Raül López
mcleoke01,Keith McLeod
milicda01,Darko Miličić
milleol01,Oliver Miller
outlatr01,Travis Outlaw
pachuza01,Zaza Pachulia
pavloal01,Sasha Pavlović
penigde01,Desmond Penigar
penneki01,Kirk Penney
perkike01,Kendrick Perkins
pietrmi01,Mickaël Piétrus
planizo01,Zoran Planinić
ridnolu01,Luke Ridnour
smithth01,Theron Smith
songada01,Darius Songaila
sweetmi01,Mike Sweetney
udokaim01,Ime Udoka
vranesl01,Slavko Vraneš
wadedw01,Dwyane Wade
waltolu01,Luke Walton
westda01,David West
willima01,Mo Williams
allento01,Tony Allen
araujra01,Rafael Araújo
arizatr01,Trevor Ariza
bakerma01,Maurice Baker
barrean01,Andre Barrett
biedran01,Andris Biedriņš
bobbito01,Tony Bobbitt
bonnema01,Matt Bonner
burksan01,Antonio Burks
butleja01,Jackie Butler
carlige01,Geno Carlisle
chalmli01,Lionel Chalmers
childjo01,Josh Childress
collini01,Nick Collison
danieer01,Erik Daniels
delfica01,Carlos Delfino
denglu01,Luol Deng
duhonch01,Chris Duhon
edwarco01,Corsley Edwards
edwarjo01,John Edwards
emmetan01,Andre Emmett
florelu01,Luis Flores
freijma01,Matt Freije
gordobe01,Ben Gordon
harride01,Devin Harris
harrida01,David Harrison
howardw01,Dwight Howard
humphkr01,Kris Humphries
iguodan01,Andre Iguodala
mbengdj01,D.J. Mbenga
iveyro01,Royal Ivey
jackslu02,Luke Jackson
jeffeal01,Al Jefferson
jenkiho01,Horace Jenkins
jonesma03,Mark Jones
kasunma01,Mario Kasun
khryavi01,Viktor Khryapa
knighbr02,Brandin Knight
krstine01,Nenad Krstić
kutluib01,Ibo Kutluay
livinsh01,Shaun Livingston
martike02,Kevin Martin
nelsoja01,Jameer Nelson
nocioan01,Andrés Nocioni
okafoem01,Emeka Okafor
podkopa01,Pavel Podkolzin
radojal01,Aleksandar Radojević
ramospe01,Peter John Ramos
reedju01,Justin Reed
reineja01,Jared Reiner
robinbe01,Bernard Robinson
rossqu01,Quinton Ross
seungha01,Ha Seung-Jin
smithdo04,Donta Smith
smithjr01,J.R. Smith
smithjo03,Josh Smith
snydeki01,Kirk Snyder
sowpa01,Pape Sow
storeaw01,Awvee Storey
swiftro01,Robert Swift
tabusyu01,Yuta Tabuse
telfase01,Sebastian Telfair
thomabi01,Billy Thomas
thomaja02,James Thomas
thomajo02,John Thomas
udrihbe01,Beno Udrih
varejan01,Anderson Varejão
vromaja01,Jackson Vroman
vujacsa01,Sasha Vujačić
westde01,Delonte West
wilkida02,Damien Wilkins
wrighdo01,Dorell Wright
ackeral01,Alex Acker
anderal01,Alan Anderson
andrima01,Martynas Andriuškevičius
barroea01,Earl Barron
basdeed01,Eddie Basden
bassbr01,Brandon Bass
batises01,Esteban Batista
blatcan01,Andray Blatche
bogutan01,Andrew Bogut
burleke01,Kevin Burleson
bynuman01,Andrew Bynum
bynumwi01,Will Bynum
caldejo01,José Calderón
dienetr01,Travis Diener
dioguik01,Ike Diogu
ellismo01,Monta Ellis
ewingda01,Daniel Ewing
felixno01,Noel Felix
feltora01,Raymond Felton
fitchge01,Gerald Fitch
fordsh02,Sharrod Ford
fryech01,Channing Frye
gaide01,Deng Gai
garcifr01,Francisco García
gomesry01,Ryan Gomes
grahajo01,Joey Graham
grahast01,Stephen Graham
grangda01,Danny Granger
greende01,Devin Green
greenge01,Gerald Green
greenor01,Orien Greene
grundan01,Anthony Grundy
hayesch01,Chuck Hayes
headlu01,Luther Head
hodgeju01,Julius Hodge
holcora01,Randy Holcomb
jackja01,Jarrett Jack
jasiksa01,Šarūnas Jasikevičius
johnsam01,Amir Johnson
jonesdw02,Dwayne Jones
kleizli01,Linas Kleiza
korolya01,Yaroslav Korolev
leeda02,David Lee
lucasjo02,John Lucas III
macijar01,Arvydas Macijauskas
marshra01,Rawle Marshall
maxieja01,Jason Maxiell
mayse01,Sean May
mccanra01,Rashad McCants
milesaa01,Aaron Miles
milescj01,C.J. Miles
moniase01,Sergei Monia
ndongbo01,Boniface N'Dong
obertfa01,Fabricio Oberto
owensan01,Andre Owens
paulch01,Chris Paul
petrojo01,Johan Petro
poweljo01,Josh Powell
pricero01,Ronnie Price
randosh01,Shavlik Randolph
roberan02,Anthony Roberson
roberla01,Lawrence Roberts
robinna01,Nate Robinson
sandeme01,Melvin Sanders
scaleal01,Alex Scales
schenlu01,Luke Schenscher
simiewa01,Wayne Simien
singlja01,James Singleton
stoudsa01,Salim Stoudamire
taftch01,Chris Taft
taylodo01,Donell Taylor
thompdi01,Dijon Thompson
turiaro01,Ronny Turiaf
villach01,Charlie Villanueva
wafervo01,Von Wafer
walshma01,Matt Walsh
warriha01,Hakim Warrick
webstma02,Martell Webster
whalero01,Robert Whaley
willide01,Deron Williams
willilo02,Lou Williams
willima02,Marvin Williams
wrighan01,Antoine Wright
wrighbr02,Bracey Wright
zimmede01,Derrick Zimmerman
adamsha01,Hassan Adams
agerma01,Maurice Ager
aldrila01,LaMarcus Aldridge
amundlo01,Lou Amundson
armsthi01,Hilton Armstrong
augusja01,James Augustine
azubuke01,Kelenna Azubuike
balkmre01,Renaldo Balkman
bareajo01,J.J. Barea
bargnan01,Andrea Bargnani
blalowi01,Will Blalock
boonejo01,Josh Boone
bozemce01,Cedric Bozeman
brewero02,Ronnie Brewer
brownan01,Andre Brown
brownde03,Dee Brown
brownsh01,Shannon Brown
carnero01,Rodney Carney
collima01,Mardy Collins
conrowi01,Will Conroy
davispa01,Paul Davis
diawaya01,Yakhouba Diawara
doubyqu01,Quincy Douby
farmajo01,Jordan Farmar
farmede01,Desmon Farmer
foyera01,Randy Foye
garbajo01,Jorge Garbajosa
gayru01,Rudy Gay
gelabmi01,Mickaël Gelabale
gibsoda01,Daniel Gibson
glynian01,Andreas Glyniadakis
greerly01,Lynn Greer
hallmi01,Mike Hall
herrmwa01,Walter Herrmann
hitero01,Robert Hite
holliry01,Ryan Hollins
ilicmi01,Mile Ilić
ilyaser01,Ersan İlyasova
johnsal01,Alexander Johnson
jonesbo02,Bobby Jones
jonesso01,Solomon Jones
kinseta01,Tarence Kinsey
langja01,James Lang
lowryky01,Kyle Lowry
majorre01,Renaldo Major
markoda01,Damir Markota
mccrach01,Chris McCray
mcfariv01,Ivan McFarlin
mensapo01,Pops Mensah-Bonsu
millspa01,Paul Millsap
morrira01,Randolph Morris
morriad01,Adam Morrison
noelda01,David Noel
novakst01,Steve Novak
obryapa01,Patrick O'Bryant
parkean01,Anthony Parker
pinknke01,Kevinn Pinkney
powele01,Leon Powe
powelro01,Roger Powell
quinnch01,Chris Quinn
rayal01,Allan Ray
redicjj01,J.J. Redick
richaje01,Jeremy Richardson
rodrise01,Sergio Rodríguez
rondora01,Rajon Rondo
roybr01,Brandon Roy
sefolth01,Thabo Sefolosha
senesa01,Mouhamed Sene
simmoce01,Cedric Simmons
slokaur01,Uroš Slokar
smithcr01,Craig Smith
smithst03,Steven Smith
spanova01,Vassilis Spanoulis
thomaty01,Tyrus Thomas
tuckepj01,P.J. Tucker
vincima01,Marcus Vinicius
whiteja02,James White
williju01,Justin Williams
willima03,Marcus Williams
willish03,Shawne Williams
willish02,Shelden Williams
afflaar01,Arron Afflalo
ahearbl01,Blake Ahearn
allrela01,Lance Allred
almonmo01,Morris Almond
anthojo01,Joel Anthony
belinma01,Marco Belinelli
breweco01,Corey Brewer
brookaa01,Aaron Brooks
chandwi01,Wilson Chandler
conlemi01,Mike Conley
cookda02,Daequan Cook
crittja01,Javaris Crittenton
davidje01,Jermareo Davidson
davisgl01,Glen Davis
diazgu01,Guillermo Díaz
dudleja01,Jared Dudley
duranke01,Kevin Durant
fazekni01,Nick Fazekas
fesenky01,Kyrylo Fesenko
gardnth01,Thomas Gardner
gortama01,Marcin Gortat
grayaa01,Aaron Gray
greenje02,Jeff Green
greenta01,Taurean Green
harrimi01,Mike Harris
hawessp01,Spencer Hawes
horfoal01,Al Horford
jianlyi01,Yi Jianlian
karlco01,Coby Karl
landrca01,Carl Landry
langfke01,Keith Langford
lasmest01,Stéphane Lasme
lawac01,Acie Law
mahinia01,Ian Mahinmi
mcguido01,Dominic McGuire
mcrobjo01,Josh McRoberts
moonja01,Jamario Moon
navarju01,Juan Carlos Navarro
nichode01,Demetris Nichols
noahjo01,Joakim Noah
pecheol01,Oleksiy Pecherov
perovko01,Kosta Perović
powelka01,Kasib Powell
pruitga01,Gabe Pruitt
richach01,Chris Richard
sambch01,Cheikh Samb
scolalu01,Luis Scola
sessira01,Ramon Sessions
simsco01,Courtney Sims
smithja02,Jason Smith
strawdj01,D.J. Strawberry
stuckro01,Rodney Stuckey
thornal01,Al Thornton
tuckeal02,Alando Tucker
washida01,Darius Washington
watkida01,Darryl Watkins
watsocj01,C.J. Watson
westma02,Mario West
willima04,Marcus Williams
willise01,Sean Williams
wrighbr03,Brandan Wright
wrighju01,Julian Wright
youngni01,Nick Young
youngth01,Thaddeus Young
ajincal01,Alexis Ajinça
alexajo01,Joe Alexander
anderry01,Ryan Anderson
arthuda01,Darrell Arthur
augusdj01,D.J. Augustin
batumni01,Nicolas Batum
bayleje01,Jerryd Bayless
beaslmi01,Michael Beasley
brownbo02,Bobby Brown
chalmma01,Mario Chalmers
crawfjo01,Joe Crawford
dorsejo01,Joey Dorsey
douglch01,Chris Douglas-Roberts
dragigo01,Goran Dragić
fernaru01,Rudy Fernández
gallida01,Danilo Gallinari
gasolma01,Marc Gasol
giddejr01,J.R. Giddens
gordoer01,Eric Gordon
greendo01,Donté Greene
haddaha01,Hamed Haddadi
hairsma01,Malik Hairston
hibbero01,Roy Hibbert
hicksjj01,J.J. Hickson
hillge01,George Hill
hillst01,Steven Hill
hunteot01,Othello Hunter
jacksda01,Darnell Jackson
jawaina01,Nathan Jawai
jeffedo01,Dontell Jefferson
johnstr01,Trey Johnson
jordade01,DeAndre Jordan
koufoko01,Kosta Koufos
kurzro01,Rob Kurz
leeco01,Courtney Lee
lopezbr01,Brook Lopez
lopezro01,Robin Lopez
loveke01,Kevin Love
martica01,Cartier Martin
mayooj01,O.J. Mayo
mbahalu01,Luc Mbah a Moute
mcgeeja01,JaVale McGee
morroan01,Anthony Morrow
nelsode01,DeMarcus Nelson
odengr01,Greg Oden
randoan01,Anthony Randolph
rosede01,Derrick Rose
rushbr01,Brandon Rush
sharpwa01,Walter Sharpe
singlse01,Sean Singletary
speigma01,Marreese Speights
taylomi01,Mike Taylor
thompja02,Jason Thompson
tollian01,Anthony Tolliver
ukicro01,Roko Ukić
walkebi01,Henry Walker
weaveky01,Kyle Weaver
weemsso01,Sonny Weems
westbru01,Russell Westbrook
whitedj01,D.J. White
willija04,Jawad Williams
yuesu01,Sun Yue
anderda03,David Andersen
anderan02,Antonio Anderson
pendeje02,Jeff Ayres
beaubro01,Rodrigue Beaubois
blairde01,DeJuan Blair
brockjo01,Jon Brockman
brownde04,Derrick Brown
budinch01,Chase Budinger
carrode01,DeMarre Carroll
casspom01,Omri Casspi
clarkea01,Earl Clark
collida01,Darren Collison
cunnida01,Dante Cunningham
curryja01,JamesOn Curry
curryst01,Stephen Curry
dayeau01,Austin Daye
derozde01,DeMar DeRozan
douglto01,Toney Douglas
ellinwa01,Wayne Ellington
evansty01,Tyreke Evans
flynnjo01,Jonny Flynn
gainesu01,Sundiata Gaines
geeal01,Alonzo Gee
gibsota01,Taj Gibson
gildetr01,Trey Gilder
greenda02,Danny Green
griffta01,Taylor Griffin
hansbty01,Tyler Hansbrough
hardeja01,James Harden
hendege02,Gerald Henderson
hilljo01,Jordan Hill
holidjr01,Jrue Holiday
hudsole01,Lester Hudson
huntech01,Chris Hunter
ibakase01,Serge Ibaka
jacksce01,Cedric Jackson
jeffeot01,Othyus Jeffers
jennibr01,Brandon Jennings
jerebjo01,Jonas Jerebko
johnsja01,James Johnson
lafayol01,Oliver Lafayette
landrma01,Marcus Landry
lawsoty01,Ty Lawson
matthwe02,Wesley Matthews
maynoer01,Eric Maynor
meeksjo01,Jodie Meeks
millspa02,Patty Mills
mulleby01,Byron Mullens
priceaj01,A.J. Price
summeda01,DaJuan Summers
tayloje02,Jermaine Taylor
teaguje01,Jeff Teague
templga01,Garrett Temple
thabeha01,Hasheem Thabeet
thornma01,Marcus Thornton
willire02,Reggie Williams
willite01,Terrence Williams
youngsa01,Sam Young
adrieje01,Jeff Adrien
alabiso01,Solomon Alabi
aldrico01,Cole Aldrich
aminual01,Al-Farouq Aminu
anderja01,James Anderson
asikom01,Ömer Aşık
babbilu01,Luke Babbitt
bledser01,Eric Bledsoe
booketr01,Trevor Booker
brackcr01,Craig Brackins
bradlav01,Avery Bradley
caracde01,Derrick Caracter
collish01,Sherron Collins
cousima01,Marcus Cousin
couside01,DeMarcus Cousins
crawfjo02,Jordan Crawford
davised01,Ed Davis
dowdeza01,Zabian Dowdell
ebankde01,Devin Ebanks
erdense01,Semih Erden
evansje01,Jeremy Evans
ewingpa02,Patrick Ewing
eyengch01,Christian Eyenga
favorde01,Derrick Favors
fieldla01,Landry Fields
forbega01,Gary Forbes
georgpa01,Paul George
griffbl01,Blake Griffin
haranlu01,Luke Harangody
harrima01,Manny Harris
haywago01,Gordon Hayward
haywala01,Lazar Hayward
henryxa01,Xavier Henry
jamesda01,Damion James
jetereu01,Eugene Jeter
johnsar02,Armon Johnson
johnsch03,Chris Johnson
johnswe01,Wesley Johnson
jonesdo02,Dominique Jones
lawalga01,Gani Lawal
linje01,Jeremy Lin
monrogr01,Greg Monroe
mozgoti01,Timofey Mozgov
ndiayha01,Hamady N'Diaye
nealga01,Gary Neal
owensla01,Larry Owens
pattepa01,Patrick Patterson
pekovni01,Nikola Peković
pittmde01,Dexter Pittman
pondequ01,Quincy Pondexter
rautian01,Andy Rautins
samuesa01,Samardo Samuels
sandela01,Larry Sanders
serapke01,Kevin Séraphin
shakumu01,Mustafa Shakur
silerga01,Garret Siler
smithis01,Ish Smith
splitti01,Tiago Splitter
stephla01,Lance Stephenson
sypa01,Pape Sy
turneev01,Evan Turner
udohek01,Ekpe Udoh
uzohbe01,Ben Uzoh
vasqugr01,Greivis Vásquez
walljo01,John Wall
warrewi01,Willie Warren
whiteha01,Hassan Whiteside
allenla01,Lavoy Allen
ayongu01,Gustavo Ayón
bensoke02,Keith Benson
biyombi01,Bismack Biyombo
brookma01,MarShon Brooks
burksal01,Alec Burks
butleji01,Jimmy Butler
byarsde01,Derrick Byars
coleno01,Norris Cole
dawsoer01,Eric Dawson
dentmju01,Justin Dentmon
dysonje01,Jerome Dyson
farieke01,Kenneth Faried
footeje01,Jeff Foote
fortsco01,Courtney Fortson
fredeji01,Jimmer Fredette
kanteen01,Enes Freedom
gladnmi01,Mickell Gladness
goudean01,Andrew Goudelock
hamiljo02,Jordan Hamilton
harpeju01,Justin Harper
harrejo01,Josh Harrellson
harrite01,Terrel Harris
harrito02,Tobias Harris
higgico01,Cory Higgins
hobsoda01,Darington Hobson
honeyty01,Tyler Honeycutt
hornede01,Dennis Horner
irvinky01,Kyrie Irving
jacksre01,Reggie Jackson
jenkich01,Charles Jenkins
johnsca01,Carldell Johnson
johnsiv01,Ivan Johnson
johnsja02,JaJuan Johnson
jordaje01,Jerome Jordan
josepco01,Cory Joseph
kennedj01,D.J. Kennedy
knighbr03,Brandon Knight
leema01,Malcolm Lee
leonaka01,Kawhi Leonard
leslitr01,Travis Leslie
leuerjo01,Jon Leuer
liggide01,DeAndre Liggins
macksh01,Shelvin Mack
macklve01,Vernon Macklin
mooreet01,E'Twaun Moore
morrida01,Darius Morris
morrima03,Marcus Morris
morrima02,Markieff Morris
ortonda01,Daniel Orton
pargoje01,Jeremy Pargo
parsoch01,Chandler Parsons
reidry01,Ryan Reid
rubiori01,Ricky Rubio
russewa02,Walker Russell
selbyjo01,Josh Selby
shumpim01,Iman Shumpert
silasxa01,Xavier Silas
singlch01,Chris Singleton
sloando01,Donald Sloan
smithgr02,Greg Smith
smithje01,Jerry Smith
smithno01,Nolan Smith
stiemgr01,Greg Stiemsma
stoneju01,Julyan Stone
thomais02,Isaiah Thomas
thomala01,Lance Thomas
thomama01,Malcolm Thomas
thomptr02,Trey Thompkins
thompkl01,Klay Thompson
thompmy02,Mychel Thompson
thomptr01,Tristan Thompson
tylerje01,Jeremy Tyler
ubileed01,Edwin Ubiles
veselja01,Jan Veselý
vucevni01,Nikola Vučević
walkeke02,Kemba Walker
willide02,Derrick Williams
williel01,Elliot Williams
willijo03,Jordan Williams
wrighch01,Chris Wright
acyqu01,Quincy Acy
akognjo01,Josh Akognon
barneha02,Harrison Barnes
bartowi01,Will Barton
baynear01,Aron Baynes
bazemke01,Kent Bazemore
bealbr01,Bradley Beal
beverpa01,Patrick Beverley
clavevi01,Victor Claver
copelch01,Chris Copeland
crowdja01,Jae Crowder
cunnija01,Jared Cunningham
davisan02,Anthony Davis
decolna01,Nando De Colo
drumman01,Andre Drummond
engliki01,Kim English
ezelife01,Festus Ezeli
fournev01,Evan Fournier
freeljo01,Joel Freeland
garredi02,Diante Garrett
greendr01,Draymond Green
hansbbe01,Ben Hansbrough
harklma01,Maurice Harkless
hensojo01,John Henson
holidju01,Justin Holiday
jamesbe01,Bernard James
jenkijo01,John Jenkins
johnsch04,Chris Johnson
johnsor01,Orlando Johnson
johnsda03,Darius Johnson-Odom
jonesde01,DeQuan Jones
joneske01,Kevin Jones
jonespe01,Perry Jones
joneste01,Terrence Jones
josepkr01,Kris Joseph
kiddgmi01,Michael Kidd-Gilchrist
kravtvi01,Viacheslav Kravtsov
lambdo01,Doron Lamb
lambje01,Jeremy Lamb
leoname01,Meyers Leonard
lillada01,Damian Lillard
machasc01,Scott Machado
marshke01,Kendall Marshall
melofa01,Fab Melo
middlkh01,Khris Middleton
milleda01,Darius Miller
millequ01,Quincy Miller
motiedo01,Donatas Motiejūnas
moultar01,Arnett Moultrie
murphke01,Kevin Murphy
nichoan01,Andrew Nicholson
oquinky01,Kyle O'Quinn
ohlbrti01,Tim Ohlbrecht
plumlmi01,Miles Plumlee
prigipa01,Pablo Prigioni
riverau01,Austin Rivers
roberbr01,Brian Roberts
robinth01,Thomas Robinson
rosste01,Terrence Ross
sacrero01,Robert Sacre
scottmi01,Mike Scott
shengto01,Tornike Shengelia
shvedal01,Alexey Shved
simshe01,Henry Sims
singlky01,Kyle Singler
sullija01,Jared Sullinger
tayloje03,Jeff Taylor
tayloty01,Tyshawn Taylor
teaguma01,Marquis Teague
teletmi01,Mirza Teletović
valanjo01,Jonas Valančiūnas
varnaja01,Jarvis Varnado
waitedi01,Dion Waiters
waynsma01,Maalik Wayns
wrighch02,Chris Wright
wroteto01,Tony Wroten
zellelu01,Luke Zeller
zellety01,Tyler Zeller
adamsst01,Steven Adams
antetgi01,Giannis Antetokounmpo
anticpe01,Pero Antić
babbch01,Chris Babb
bennean01,Anthony Bennett
blueva01,Vander Blue
brownlo01,Lorenzo Brown
bullore01,Reggie Bullock
burketr01,Trey Burke
buyckdw01,Dwight Buycks
calatni01,Nick Calathes
caldwke01,Kentavious Caldwell-Pope
canaais01,Isaiah Canaan
cartemi01,Michael Carter-Williams
chrisdi01,Dionte Christmas
clarkia01,Ian Clark
covinro01,Robert Covington
crabbal01,Allen Crabbe
curryse01,Seth Curry
danietr01,Troy Daniels
datomlu01,Gigi Datome
daviebr01,Brandon Davies
dedmode01,Dewayne Dedmon
dellama01,Matthew Dellavedova
dienggo01,Gorgui Dieng
edwarsh01,Shane Edwards
favervi01,Vítor Luiz Faverani
felixca01,Carrick Felix
frankja01,Jamaal Franklin
goberru01,Rudy Gobert
goodwar01,Archie Goodwin
gutiejo01,Jorge Gutiérrez
hamilju01,Justin Hamilton
hardati02,Tim Hardaway Jr.
harriel01,Elias Harris
hillso01,Solomon Hill
hopsosc01,Scotty Hopson
hummero01,Robbie Hummel
karasse01,Sergey Karasev
kellyry01,Ryan Kelly
kuzmiog01,Ognjen Kuzmić
larkish01,Shane Larkin
ledori01,Ricky Ledo
lenal01,Alex Len
mccalra01,Ray McCallum
mccolcj01,CJ McCollum
mclembe01,Ben McLemore
mekelga01,Gal Mekel
mitchto02,Tony Mitchell
mitchto03,Tony Mitchell
muhamsh01,Shabazz Muhammad
murpher01,Erik Murphy
murryto01,Toure' Murry
muscami01,Mike Muscala
nedovne01,Nemanja Nedović
nunnaja01,James Nunnally
oladivi01,Victor Oladipo
olynyke01,Kelly Olynyk
onuakar01,Arinze Onuaku
plumlma01,Mason Plumlee
porteot01,Otto Porter Jr.
pressph01,Phil Pressey
radulmi01,Miroslav Raduljica
ricegl02,Glen Rice Jr.
roberan03,Andre Roberson
schrode01,Dennis Schröder
sivape01,Peyton Siva
smithch05,Chris Smith
snellto01,Tony Snell
southja01,James Southerland
stephdj01,D.J. Stephens
thomaad01,Adonis Thomas
thompho01,Hollis Thompson
wareca01,Casper Ware
whitero03,Royce White
witheje01,Jeff Withey
woltena01,Nate Wolters
zelleco01,Cody Zeller
adamsjo01,Jordan Adams
aldemfu01,Furkan Aldemir
anderky01,Kyle Anderson
bairsca01,Cameron Bairstow
benimje01,Jerrelle Benimon
bhullsi01,Sim Bhullar
blackta01,Tarik Black
bogdabo02,Bojan Bogdanović
brownja01,Jabari Brown
brownma02,Markel Brown
cabocbr01,Bruno Caboclo
capelca01,Clint Capela
cherrwi01,Will Cherry
chrispa01,Patrick Christopher
clarkjo01,Jordan Clarkson
cooleja01,Jack Cooley
cottobr01,Bryce Cotton
dawkian01,Andre Dawkins
dinwisp01,Spencer Dinwiddie
dragizo01,Zoran Dragić
drewla02,Larry Drew II
earlycl01,Cleanthony Early
ennisja01,James Ennis III
ennisty01,Tyler Ennis
exumda01,Dante Exum
fraziti01,Tim Frazier
gallola01,Langston Galloway
gordoaa01,Aaron Gordon
gordodr01,Drew Gordon
grantje01,Jerami Grant
greener01,Erick Green
greenja01,JaMychal Green
hairspj02,P.J. Hairston
harriga01,Gary Harris
harrijo01,Joe Harris
hoodro01,Rodney Hood
inglejo01,Joe Ingles
jeffeco01,Cory Jefferson
jerregr01,Grant Jerrett
johnsni01,Nick Johnson
johnsty01,Tyler Johnson
kilpase01,Sean Kilpatrick
kirkal01,Alex Kirk
lauvejo01,Joffrey Lauvergne
lavinza01,Zach LaVine
lucaska01,Kalin Lucas
marblde01,Devyn Marble
mcadoja01,James Michael McAdoo
mcdankj01,K.J. McDaniels
mcderdo01,Doug McDermott
mcgarmi01,Mitch McGary
mcneaje01,Jerel McNeal
millsel01,Elijah Millsap
mirotni01,Nikola Mirotić
moreler01,Eric Moreland
napiesh01,Shabazz Napier
noelne01,Nerlens Noel
noguelu01,Lucas Nogueira
nurkiju01,Jusuf Nurkić
obryajo01,Johnny O'Bryant
papanko01,Kostas Papanikolaou
parkeja01,Jabari Parker
paynead01,Adreian Payne
paytoel01,Elfrid Payton
poweldw01,Dwight Powell
randlju01,Julius Randle
robingl02,Glenn Robinson III
rudezda01,Damjan Rudež
sampsja02,JaKarr Sampson
smartma01,Marcus Smart
smithru01,Russ Smith
stausni01,Nik Stauskas
stockda01,David Stockton
stokeja01,Jarnell Stokes
vonleno01,Noah Vonleh
warretj01,T.J. Warren
wearda01,David Wear
weartr01,Travis Wear
whittsh01,Shayne Whittington
wiggian01,Andrew Wiggins
wilcocj01,C.J. Wilcox
youngja01,James Young
alexacl01,Cliff Alexander
anderju01,Justin Anderson
antetth01,Thanasis Antetokounmpo
applike01,Keith Appling
bjeline01,Nemanja Bjelica
bookede01,Devin Booker
brownan02,Anthony Brown
caulewi01,Willie Cauley-Stein
chrisra01,Rakeem Christmas
clarkco01,Coty Clarke
connapa01,Pat Connaughton
dawsobr01,Branden Dawson
dejeabr01,Bryce Dejean-Jones
dekkesa01,Sam Dekker
dukandu01,Duje Dukan
eddieja01,Jarell Eddie
feliccr01,Cristiano Felício
grantje02,Jerian Grant
harremo01,Montrezl Harrell
harriaa01,Aaron Harrison
hezonma01,Mario Hezonja
hillida01,Darrun Hilliard
holliro01,Rondae Hollis-Jefferson
holmeri01,Richaun Holmes
huertma01,Marcelo Huertas
huestjo01,Josh Huestis
hunterj01,R.J. Hunter
inglida01,Damien Inglis
johnsst04,Stanley Johnson
jokicni01,Nikola Jokić
jonesty01,Tyus Jones
kaminfr01,Frank Kaminsky
kaunsa01,Sasha Kaun
looneke01,Kevon Looney
lylestr01,Trey Lyles
marjabo01,Boban Marjanović
martija01,Jarell Martin
mccontj01,T.J. McConnell
mcculch01,Chris McCullough
mcraejo01,Jordan McRae
mejrisa01,Salah Mejri
mickejo01,Jordan Mickey
montelu01,Luis Montero
mudiaem01,Emmanuel Mudiay
munfoxa02,Xavier Munford
nancela02,Larry Nance Jr.
netora01,Raul Neto
obriejj01,J.J. O'Brien
okafoja01,Jahlil Okafor
oubreke01,Kelly Oubre Jr.
pattela01,Lamar Patterson
payneca01,Cameron Payne
pleisti01,Tibor Pleiß
portibo01,Bobby Portis
porzikr01,Kristaps Porziņģis
powelno01,Norman Powell
reedwi02,Willie Reed
richajo01,Josh Richardson
roziete01,Terry Rozier
russeda01,D'Angelo Russell
simmojo02,Jonathon Simmons
stephal01,Alex Stepheson
tavarwa01,Edy Tavares
toupaax01,Axel Toupane
townska01,Karl-Anthony Towns
turnemy01,Myles Turner
vaughra01,Rashad Vaughn
weberbr01,Briante Weber
willial03,Alan Williams
winslju01,Justise Winslow
woodch01,Christian Wood
wrighde01,Delon Wright
youngjo01,Joe Young
abrinal01,Álex Abrines
bakerro01,Ron Baker
baldwwa01,Wade Baldwin
beaslma01,Malik Beasley
bembrde01,DeAndre' Bembry
bendedr01,Dragan Bender
bentibe01,Ben Bentil
bertada01,Dāvis Bertāns
bolomjo01,Joel Bolomboy
brogdma01,Malcolm Brogdon
brownja02,Jaylen Brown
brussni01,Nicolás Brussino
chrisma01,Marquese Chriss
chrisse01,Semaj Christon
cookqu01,Quinn Cook
davisde01,Deyonta Davis
delanma01,Malcolm Delaney
diallch01,Cheick Diallo
dunnkr01,Kris Dunn
ellenhe01,Henry Ellenson
embiijo01,Joel Embiid
feldeka01,Kay Felder
ferreyo01,Yogi Ferrell
finnedo01,Dorian Finney-Smith
forbebr01,Bryn Forbes
garinpa01,Patricio Garino
gbinimi01,Michael Gbinije
georgma01,Marcus Georges-Hunt
gibsojo01,Jonathan Gibson
grahatr01,Treveon Graham
hammoaj01,A.J. Hammons
harrian01,Andrew Harrison
hernaju01,Juancho Hernangómez
hernawi01,Willy Hernangómez
hieldbu01,Buddy Hield
houseda01,Danuel House Jr.
ingrabr01,Brandon Ingram
jacksde01,Demetrius Jackson
jackspi01,Pierre Jackson
johnsbr02,Brice Johnson
jonesda03,Damian Jones
jonesde02,Derrick Jones Jr.
kuzmimi01,Mindaugas Kuzminskas
labissk01,Skal Labissière
laproni01,Nicolás Laprovíttola
laymaja01,Jake Layman
leverca01,Caris LeVert
longsh01,Shawn Long
luwawti01,Timothé Luwawu-Cabarrot
mcclesh01,Sheldon Mac
makerth01,Thon Maker
mccawpa01,Patrick McCaw
mcgruro01,Rodney McGruder
murrade01,Dejounte Murray
murraja01,Jamal Murray
ndourma01,Maurice Ndour
niangge01,Georges Niang
nwabada01,David Nwaba
ochefda01,Daniel Ochefu
onuakch01,Chinanu Onuaku
papagge01,Georgios Papagiannis
paytoga02,Gary Payton II
plumlma02,Marshall Plumlee
poeltja01,Jakob Poeltl
poythal01,Alex Poythress
princta02,Taurean Prince
quartti01,Tim Quarterman
randlch01,Chasson Randle
richama01,Malachi Richardson
sabondo01,Domantas Sabonis
saricda01,Dario Šarić
satorto01,Tomáš Satoranský
seldewa01,Wayne Selden
siakapa01,Pascal Siakam
stonedi01,Diamond Stone
taylois01,Isaiah Taylor
tobeymi01,Mike Tobey
ulisty01,Tyler Ulis
uthofja01,Jarrod Uthoff
valende01,Denzel Valentine
vanvlfr01,Fred VanVleet
whiteok01,Okaro White
whiteis01,Isaiah Whitehead
willitr02,Troy Williams
wiltjky01,Kyle Wiltjer
zimmest01,Stephen Zimmerman
zipsepa01,Paul Zipser
zubaciv01,Ivica Zubac
adebaba01,Bam Adebayo
allenja01,Jarrett Allen
allenka01,Kadeem Allen
anigbik01,Ike Anigbogu
anunoog01,OG Anunoby
arcidry01,Ryan Arcidiacono
artisja01,Jamel Artis
bacondw01,Dwayne Bacon
balllo01,Lonzo Ball
belljo01,Jordan Bell
birchkh01,Khem Birch
birdja01,Jabari Bird
blakean01,Antonio Blakeney
bogdabo01,Bogdan Bogdanović
bouchch01,Chris Boucher
bradlto01,Tony Bradley
brookdi01,Dillon Brooks
brownst02,Sterling Brown
bryanth01,Thomas Bryant
carusal01,Alex Caruso
cavanty01,Tyler Cavanaugh
clavegi01,Gian Clavell
clevean01,Antonius Cleveland
collijo01,John Collins
colliza01,Zach Collins
colliky01,Kyle Collinsworth
cookech01,Charles Cooke
costema01,Matt Costello
craigto01,Torrey Craig
dorsety01,Tyler Dorsey
dotsoda01,Damyean Dotson
doylemi01,Milton Doyle
doziepj01,PJ Dozier
evansja01,Jawun Evans
fergute01,Terrance Ferguson
foxde01,De'Aaron Fox
fultzma01,Markelle Fultz
grayjo01,Josh Gray
hamilda02,Daniel Hamilton
harrish01,Shaquille Harrison
hartjo01,Josh Hart
hayesni01,Nigel Hayes
hearnre01,Reggie Hearn
henrymy01,Myke Henry
hicksis01,Isaiah Hicks
hollajo02,John Holland
huntevi01,Vince Hunter
ingraan01,Andre Ingram
isaacjo01,Jonathan Isaac
iwundwe01,Wes Iwundu
jacksaa01,Aaron Jackson
jacksjo02,Josh Jackson
jacksju01,Justin Jackson
jamesmi02,Mike James
johnsda04,Dakari Johnson
johnsom01,Omari Johnson
jonesja04,Jalen Jones
kennalu01,Luke Kennard
klebima01,Maxi Kleber
korkmfu01,Furkan Korkmaz
kornelu01,Luke Kornet
kuzmaky01,Kyle Kuzma
leaftj01,T.J. Leaf
leeda03,Damion Lee
lemonwa01,Walt Lemon Jr.
lydonty01,Tyler Lydon
magetjo01,Josh Magette
markkla01,Lauri Markkanen
masonfr01,Frank Mason III
mathima01,Mangok Mathiang
mccreer01,Erik McCree
mckintr01,Trey McKinney-Jones
mckinal01,Alfonzo McKinnie
millema01,Malcolm Miller
mitchdo01,Donovan Mitchell
mitrona01,Naz Mitrou-Long
monkma01,Malik Monk
moorebe01,Ben Moore
morrija01,Jaylen Morris
morrimo01,Monte Morris
motlejo01,Johnathan Motley
naderab01,Abdel Nader
ntilila01,Frank Ntilikina
onealro01,Royce O'Neale
ojelese01,Semi Ojeleye
osmande01,Cedi Osman
paigema01,Marcus Paige
pattoju01,Justin Patton
paulbr01,Brandon Paul
perralo01,London Perrantes
peteral01,Alec Peters
pulleja01,Jacob Pullen
purviro01,Rodney Purvis
qizh01,Zhou Qi
rabbiv01,Ivan Rabb
rathaxa01,Xavier Rathan-Mayes
reedda01,Davon Reed
robinde01,Devin Robinson
simmobe01,Ben Simmons
simmoko01,Kobi Simmons
smithde03,Dennis Smith Jr.
sumneed01,Edmond Sumner
swanica01,Caleb Swanigan
tatumja01,Jayson Tatum
teodomi01,Miloš Teodosić
theisda01,Daniel Theis
thornsi01,Sindarius Thornwell
wallaty01,Tyrone Wallace
waltode01,Derrick Walton
warneja01,Jameel Warney
webbja01,James Webb III
whitean01,Andrew White
whitede01,Derrick White
wileyja01,Jacob Wiley
willicj01,C.J. Williams
willima05,Matt Williams
wilsodj01,D.J. Wilson
wilsoja02,Jamil Wilson
yabusgu01,Guerschon Yabusele
zizican01,Ante Žižić
adamsja01,Jaylen Adams
adelde01,Deng Adel
akoonde01,DeVaughn Akoon-Purcell
alkinra01,Rawle Alkins
allengr01,Grayson Allen
antetko01,Kostas Antetokounmpo
aytonde01,Deandre Ayton
baglema01,Marvin Bagley III
bambamo01,Mo Bamba
bateske01,Keita Bates-Diop
bertada02,Dairis Bertāns
blossja01,Jaron Blossomgame
boldejo01,Jonah Bolden
bongais01,Isaac Bonga
bridgmi01,Mikal Bridges
bridgmi02,Miles Bridges
briscis01,Isaiah Briscoe
broekry01,Ryan Broekhoff
brownbr01,Bruce Brown
browntr01,Troy Brown Jr.
brunsja01,Jalen Brunson
burtode02,Deonte Burton
carteje01,Jevon Carter
cartewe01,Wendell Carter Jr.
caupatr01,Troy Caupain
chealjo01,Joe Chealey
chiozch01,Chris Chiozza
clarkga01,Gary Clark
colsobo01,Bonzie Colson
creekmi01,Mitch Creek
davisty01,Tyler Davis
delgaan01,Ángel Delgado
derrima01,Marcus Derrickson
diallha01,Hamidou Diallo
divindo01,Donte DiVincenzo
doncilu01,Luka Dončić
duvaltr01,Trevon Duval
edwarvi01,Vince Edwards
eubandr01,Drew Eubanks
evansja02,Jacob Evans
frazime01,Melvin Frazier
garrebi01,Billy Garrett
gilesha01,Harry Giles
gilgesh01,Shai Gilgeous-Alexander
goodwbr01,Brandon Goodwin
grahade01,Devonte' Graham
grantdo01,Donte Grantham
hannadu01,Dusty Hannahs
harteis01,Isaiah Hartenstein
highsha01,Haywood Highsmith
holidaa01,Aaron Holiday
huertke01,Kevin Huerter
humphis01,Isaac Humphries
hutchch01,Chandler Hutchison
jacksfr01,Frank Jackson
jacksja02,Jaren Jackson Jr.
jeffeam01,Amile Jefferson
johnsal02,Alize Johnson
johnsbj01,B.J. Johnson
jonesje01,Jemerrio Jones
kingge03,George King
knoxke01,Kevin Knox
kurucro01,Rodions Kurucs
loftoza01,Zach Lofton
loydjo01,Jordan Loyd
maconda01,Daryl Macon
macurjp01,J.P. Macura
matenya01,Yante Maten
mccalta01,Tahjere McCall
meltode01,De'Anthony Melton
metuch01,Chimezie Metu
miltosh01,Shake Milton
musadz01,Džanan Musa
mykhasv01,Svi Mykhailiuk
okoboel01,Elie Okobo
okogijo01,Josh Okogie
pinsoth01,Theo Pinson
reynoca01,Cameron Reynolds
robindu01,Duncan Robinson
robinje01,Jerome Robinson
robinmi01,Mitchell Robinson
sampsbr01,Brandon Sampson
sextoco01,Collin Sexton
shamela01,Landry Shamet
siberjo01,Jordan Sibert
simonan01,Anfernee Simons
smithzh01,Zhaire Smith
spaldra01,Ray Spalding
spellom01,Omari Spellman
terreja01,Jared Terrell
terryem01,Emanuel Terry
thomakh01,Khyri Thomas
trentga02,Gary Trent Jr.
trieral01,Allonzo Trier
vandeja01,Jarred Vanderbilt
wagnemo01,Moritz Wagner
walkelo01,Lonnie Walker IV
wanambr01,Brad Wanamaker
washbju01,Julian Washburn
watanyu01,Yuta Watanabe
welshth01,Thomas Welsh
willijo04,Johnathan Williams
willike04,Kenrich Williams
williro04,Robert Williams
youngtr01,Trae Young
alexaky01,Kyle Alexander
alexani01,Nickeil Alexander-Walker
barrerj01,RJ Barrett
bazleda01,Darius Bazley
bitadgo01,Goga Bitadze
bolbo01,Bol Bol
boldema01,Marques Bolden
bonejo01,Jordan Bone
bowenbr02,Brian Bowen
bowmaky01,Ky Bowman
brantja01,Jarrell Brantley
brazdig01,Ignas Brazdeikis
brissos01,Oshae Brissett
brownch02,Charlie Brown Jr.
brownmo01,Moses Brown
cacokde01,Devontae Cacok
cancavl01,Vlatko Čančar
cheatzy01,Zylan Cheatham
clarkbr01,Brandon Clarke
claxtni01,Nic Claxton
clemoch01,Chris Clemons
coffeam01,Amir Coffey
cookty01,Tyler Cook
culveja01,Jarrett Culver
daviste02,Terence Davis
dortlu01,Luguentz Dort
doumbse01,Sekou Doumbouya
edwarca01,Carsen Edwards
fallta01,Tacko Fall
fernabr01,Bruno Fernando
frazimi01,Michael Frazier
gabriwe01,Wenyen Gabriel
gaffoda01,Daniel Gafford
garlada01,Darius Garland
greenja02,Javonte Green
gudurma01,Marko Guduric
guyky01,Kyle Guy
hachiru01,Rui Hachimura
hallde01,Devon Hall
halldo01,Donta Hall
harpeja01,Jared Harper
hayesja02,Jaxson Hayes
hernade01,Dewan Hernandez
herroty01,Tyler Herro
herveke01,Kevin Hervey
hoardja01,Jaylen Hoard
hortota01,Talen Horton-Tucker
howarwi01,William Howard
huntede01,De'Andre Hunter
jamesju01,Justin James
jeffrda01,DaQuan Jeffries
jeromty01,Ty Jerome
johnsca02,Cameron Johnson
johnske04,Keldon Johnson
kabenmf01,Mfiondu Kabengele
kiddst01,Stanton Kidd
kinglo02,Louis King
konchjo01,John Konchar
langfro01,Romeo Langford
lawvi01,Vic Law
lecquja01,Jalen Lecque
littlna01,Nassir Little
mannte01,Terance Mann
martica02,Caleb Martin
martico01,Cody Martin
martije02,Jeremiah Martin
martike03,Kelan Martin
mathega01,Garrison Mathews
mcdanja01,Jalen McDaniels
mclaujo01,Jordan McLaughlin
mellini01,Nicolò Melli
mikaer01,Eric Mika
mokokad01,Adam Mokoka
moonema01,Matt Mooney
moranja01,Ja Morant
morgaju01,Juwan Morgan
muldemy01,Mychal Mulder
newmama01,Malik Newman
norveza01,Zach Norvell
nowelja01,Jaylen Nowell
nunnke01,Kendrick Nunn
okpalkz01,KZ Okpala
onimi01,Miye Oni
owensta01,Tariq Owens
pascher01,Eric Paschall
pasecan01,Anžejs Pasečņiks
pelleno01,Norvel Pelle
poirivi01,Vincent Poirier
pondssh01,Shamorie Ponds
poolejo01,Jordan Poole
porteke02,Kevin Porter Jr.
portemi01,Michael Porter Jr.
reavejo02,Josh Reaves
reddica01,Cam Reddish
reidna01,Naz Reid
robinju01,Justin Robinson
robyis01,Isaiah Roby
samanlu01,Luka Šamanić
schofad01,Admiral Schofield
shayoma01,Marial Shayok
silvach01,Chris Silva
smailal01,Alen Smailagić
strusma01,Max Strus
thomama02,Matt Thomas
thybuma01,Matisse Thybulle
toscaju01,Juan Toscano-Anderson
tuckera01,Rayjon Tucker
vincega01,Gabe Vincent
wadede01,Dean Wade
washipj01,P.J. Washington
watertr01,Tremont Waters
watsopa01,Paul Watson
weathqu01,Quinndary Weatherspoon
whiteco01,Coby White
willigr01,Grant Williams
willini01,Nigel Williams-Goss
willizi01,Zion Williamson
wrighju02,Justin Wright-Foreman
achiupr01,Precious Achiuwa
alexaty01,Ty-Shon Alexander
anthoco01,Cole Anthony
avdijde01,Deni Avdija
azubuud01,Udoka Azubuike
ballla01,LaMelo Ball
banede01,Desmond Bane
beysa01,Saddiq Bey
beyty01,Tyler Bey
blevike01,Keljin Blevins
brimaam01,Amida Brimah
brookar01,Armoni Brooks
bryanel01,Elijah Bryant
campafa01,Facundo Campazzo
cannade01,Devin Cannady
careyve01,Vernon Carey Jr.
darlina01,Nate Darling
deckga01,Gabriel Deck
diakima01,Mamadi Diakite
dotsode01,Devon Dotson
edwaran01,Anthony Edwards
ellebcj01,CJ Elleby
fittsma01,Malik Fitts
flynnma01,Malachi Flynn
forretr01,Trent Forrest
frankro01,Robert Franks
gillan01,Anthony Gill
gillefr01,Freddie Gillespie
greenjo02,Josh Green
haganas01,Ashton Hagans
halibty01,Tyrese Haliburton
halljo01,Josh Hall
hamptrj01,R.J. Hampton
harrija01,Jalen Harris
hayeski01,Killian Hayes
hintona01,Nate Hinton
howarma02,Markus Howard
hugheel01,Elijah Hughes
joeis01,Isaiah Joe
jonesma05,Mason Jones
jonestr01,Tre Jones
knighna01,Nathan Knight
lamban01,Anthony Lamb
leesa01,Saben Lee
lewiski01,Kira Lewis Jr.
louzama01,Didi Louzada
magnawi01,Will Magnay
maledth01,Théo Maledon
maneka01,Karim Mané
mannini01,Nico Mannion
marshna01,Naji Marshall
martike04,Kenyon Martin Jr.
mathida01,Dakota Mathias
maxeyty01,Tyrese Maxey
mayssk01,Skylar Mays
mcdanja02,Jaden McDaniels
mcderse01,Sean McDermott
merrisa01,Sam Merrill
nesmiaa01,Aaron Nesmith
nnajize01,Zeke Nnaji
nworajo01,Jordan Nwora
okekech01,Chuma Okeke
okongon01,Onyeka Okongwu
okorois01,Isaac Okoro
oliveca01,Cameron Oliver
oturuda01,Daniel Oturu
perryre01,Reggie Perry
pokusal01,Aleksej Pokusevski
portejo01,Jontay Porter
pritcpa01,Payton Pritchard
quickim01,Immanuel Quickley
ramseja01,Jahmi'us Ramsey
reedpa01,Paul Reed
richani01,Nick Richards
rillegr01,Grant Riller
scrubja01,Jay Scrubb
sirvyde01,Deividas Sirvydis
smithja04,Jalen Smith
stanlca01,Cassius Stanley
stevela01,Lamar Stevens
stewais01,Isaiah Stewart
tateja01,Jae'Sean Tate
terryty01,Tyrell Terry
thomabr01,Brodric Thomas
tilliki02,Killian Tillie
tillmxa01,Xavier Tillman Sr.
toppiob01,Obi Toppin
vassede01,Devin Vassell
whittgr01,Greg Whittington
willipa01,Patrick Williams
windldy01,Dylan Windler
winstca01,Cassius Winston
wisemja01,James Wiseman
woodaro01,Robert Woodard II
aldamsa01,Santi Aldama
alvarjo01,Jose Alvarado
ayayijo01,Joel Ayayi
bantoda01,Dalano Banton
barbeca01,Cat Barber
barnesc01,Scottie Barnes
basspa01,Paris Bass
bassech01,Charles Bassey
bolmale01,Leandro Bolmaro
bostobr01,Brandon Boston Jr.
bouknja01,James Bouknight
brownch05,Chaundee Brown Jr.
browngr01,Greg Brown III
buchash01,Shaq Buchanan
butleja02,Jared Butler
caverah01,Ahmad Caver
champju01,Justin Champagnie
chrisjo01,Josh Christopher
coopesh01,Sharife Cooper
cornepe01,Petr Cornelie
cumbeja01,Jarron Cumberland
cunnica01,Cade Cunningham
delauja01,Javin DeLaurier
dosunay01,Ayo Dosunmu
dowtije01,Jeff Dowtin
duartch01,Chris Duarte
dukeda01,David Duke Jr.
echenja01,Jaime Echenique
edwarke02,Kessler Edwards
edwarro01,Rob Edwards
fordal03,Aleem Ford
garrema01,Marcus Garrett
garubus01,Usman Garuba
garzalu01,Luka Garza
giddejo01,Josh Giddey
goodwjo01,Jordan Goodwin
graveha01,Hassani Gravett
greenja05,Jalen Green
grimequ01,Quentin Grimes
hallty01,Tyler Hall
hausesa01,Sam Hauser
henryaa01,Aaron Henry
hillma01,Malcolm Hill
huffja01,Jay Huff
huntfe01,Feron Hunt
hylanbo01,Bones Hyland
jacksis01,Isaiah Jackson
jarrede01,DeJon Jarreau
johnsda08,David Johnson
johnsja05,Jalen Johnson
johnske07,Keon Johnson
jonesca03,Carlik Jones
joneshe01,Herbert Jones
joneska01,Kai Jones
kalaige01,Georgios Kalaitzakis
keybr01,Braxton Key
kispeco01,Corey Kispert
krejcvi01,Vit Krejci
kulboar01,Arnoldas Kulboka
kuminjo01,Jonathan Kuminga
landajo01,Jock Landale
lewissc01,Scottie Lewis
liveris01,Isaiah Livers
lundbga01,Gabriel Lundberg
mamuksa01,Sandro Mamukelashvili
manntr01,Tre Mann
mcbrimi01,Miles McBride
mccluma01,Mac McClung
mcgrica01,Cameron McGriff
mclauja01,JaQuori McLaughlin
mitchda01,Davion Mitchell
mobleev01,Evan Mobley
moodymo01,Moses Moody
moonxa01,Xavier Moon
murkead01,Ade Murkey
murphtr02,Trey Murphy III
nembhrj01,RJ Nembhard Jr.
nixda01,Daishen Nix
omorueu01,Eugene Omoruyi
paigeja01,Jaysean Paige
palmetr01,Trayvon Palmer
pangoke01,Kevin Pangos
pickeja01,Jamorko Pickett
ponsyv01,Yves Pons
pottemi01,Micah Potter
powelmy01,Myles Powell
primojo01,Joshua Primo
queentr01,Trevelin Queen
quetane01,Neemias Queta
reaveau01,Austin Reaves
robinje02,Jeremiah Robinson-Earl
ryanma01,Matt Ryan
sarrol01,Olivier Sarr
schakjo01,Jordan Schakel
scotttr01,Tre Scott
sengual01,Alperen Şengün
sharpda01,Day'Ron Sharpe
simonma01,Marko Simonovic
simpsza01,Zavier Simpson
simsje01,Jericho Sims
smartja01,Javonte Smart
sneedxa01,Xavier Sneed
sprinja01,Jaden Springer
suggsja01,Jalen Suggs
swordcr01,Craig Sword
sykeske01,Keifer Sykes
taylote01,Terry Taylor
teskejo01,Jon Teske
thomaca02,Cam Thomas
thorjt01,JT Thor
toddis01,Isaiah Todd
wagnefr01,Franz Wagner
wainris01,Ish Wainright
walkemj01,M.J. Walker
washidu02,Duane Washington Jr.
waterli01,Lindy Waters III
watfotr01,Trendon Watford
wieskjo01,Joe Wieskamp
wiggiaa01,Aaron Wiggins
wiggili01,Lindell Wigginton
willibr03,Brandon Williams
willizi02,Ziaire Williams
wrighmc01,McKinley Wright IV
wrighmo01,Moses Wright
yorkga01,Gabe York
yurtsom01,Omer Yurtseven
agbajoc01,Ochai Agbaji
baldwpa01,Patrick Baldwin Jr.
banchpa01,Paolo Banchero
barlodo01,Dominick Barlow
beaucma01,MarJon Beauchamp
boehebu01,Buddy Boeheim
bouyeja01,Jamaree Bouyea
branhma01,Malaki Branham
braunch01,Christian Braun
brownke03,Kendall Brown
butlejo01,John Butler
cainja01,Jamal Cain
champju02,Julian Champagnie
chandke01,Kennedy Chandler
chrisma02,Max Christie
comanch01,Chance Comanche
cooksxa01,Xavier Cooks
daniedy01,Dyson Daniels
davisjo06,Johnny Davis
davisjd01,JD Davison
daysda01,Darius Days
diabamo01,Moussa Diabaté
diengou01,Ousmane Dieng
durenja01,Jalen Duren
easonta01,Tari Eason
elliske01,Keon Ellis
fontesi01,Simone Fontecchio
fostemi02,Michael Foster Jr.
gilyaja01,Jacob Gilyard
grayra01,RaiQuan Gray
greenaj01,A.J. Green
griffaj01,AJ Griffin
halljo02,Jordan Hall
hardyja02,Jaden Hardy
harpero02,Ron Harper Jr.
harrike01,Kevon Harris
houstca01,Caleb Houstan
hudgitr01,Trevor Hudgins
iveyja01,Jaden Ivey
jacksqu01,Quenton Jackson
jovicni01,Nikola Jović
juzanjo01,Johnny Juzang
keelstr01,Trevor Keels
kesslwa01,Walker Kessler
kolokch01,Christian Koloko
laravja01,Jake LaRavia
lawsoaj01,A.J. Lawson
loftoke01,Kenneth Lofton Jr.
martity01,Tyrese Martin
mathube01,Bennedict Mathurin
mcgowbr01,Bryce McGowens
minayju01,Justin Minaya
minotjo01,Josh Minott
mobleis01,Isaiah Mobley
monekch01,Chima Moneke
moorewe01,Wendell Moore Jr.
murrake02,Keegan Murray
nembhan01,Andrew Nembhard
pippesc02,Scotty Pippen Jr.
prestja01,Jason Preston
quinole01,Lester Quinones
rhodeja01,Jared Rhoden
robinor01,Orlando Robinson
roddyda01,David Roddy
rolliry01,Ryan Rollins
seabrde01,Dereon Seabron
sharpsh01,Shaedon Sharpe
smithdr01,Dru Smith
smithja05,Jabari Smith Jr.
sochaje01,Jeremy Sochan
swideco01,Cole Swider
terryda01,Dalen Terry
umudest01,Stanley Umude
walkeja01,Jabari Walker
washity02,TyTy Washington Jr.
watsope01,Peyton Watson
weslebl01,Blake Wesley
whiteja03,Jack White
willial06,Alondes Williams
willido02,Donovan Williams
willija06,Jalen Williams
willija07,Jaylin Williams
willije02,Jeenathan Williams
willima07,Mark Williams
willivi01,Vince Williams Jr.
